"alternative.id","review_issue_id","nbr_comments","nbr_comments_nobot"
"10.21105/joss.02583","2583",76,49
"10.21105/joss.02013","2013",69,43
"10.21105/joss.03917","3917",59,38
"10.21105/joss.00050","50",42,37
"10.21105/joss.01420","1420",66,37
"10.21105/joss.00029","29",17,17
"10.21105/joss.02061","2061",53,36
"10.21105/joss.00085","85",16,12
"10.21105/joss.00194","194",7,5
"10.21105/joss.02891","2891",84,53
"10.21105/joss.05792","5792",74,51
"10.21105/joss.00161","161",62,49
"10.21105/joss.02331","2331",73,48
"10.21105/joss.01036","1036",44,24
"10.21105/joss.00634","634",36,24
"10.21105/joss.00698","698",76,45
"10.21105/joss.00878","878",26,18
"10.21105/joss.02125","2125",58,40
"10.21105/joss.01007","1007",71,50
"10.21105/joss.01444","1444",51,24
"10.21105/joss.02165","2165",99,70
"10.21105/joss.06079","6079",85,54
"10.21105/joss.06855","6855",36,18
"10.21105/joss.02404","2404",48,31
"10.21105/joss.00221","221",31,29
"10.21105/joss.02074","2074",68,48
"10.21105/joss.01474","1474",61,48
"10.21105/joss.03452","3452",52,30
"10.21105/joss.04568","4568",75,49
"10.21105/joss.03596","3596",83,49
"10.21105/joss.00650","650",20,15
"10.21105/joss.02444","2444",57,39
"10.21105/joss.02695","2695",84,61
"10.21105/joss.01066","1066",49,29
"10.21105/joss.02580","2580",59,39
"10.21105/joss.02483","2483",63,45
"10.21105/joss.01252","1252",62,45
"10.21105/joss.02425","2425",68,39
"10.21105/joss.02284","2284",70,45
"10.21105/joss.01587","1587",72,42
"10.21105/joss.03464","3464",67,47
"10.21105/joss.03679","3679",57,37
"10.21105/joss.02145","2145",56,33
"10.21105/joss.00436","436",51,36
"10.21105/joss.00333","333",14,12
"10.21105/joss.00151","151",25,23
"10.21105/joss.02621","2621",42,27
"10.21105/joss.01294","1294",87,65
"10.21105/joss.06060","6060",50,31
"10.21105/joss.00135","135",27,25
"10.21105/joss.00773","773",15,8
"10.21105/joss.00170","170",11,8
"10.21105/joss.00850","850",22,15
"10.21105/joss.00400","400",30,27
"10.21105/joss.04591","4591",57,35
"10.21105/joss.04840","4840",57,38
"10.21105/joss.01757","1757",55,38
"10.21105/joss.01843","1843",87,56
"10.21105/joss.03619","3619",94,66
"10.21105/joss.02157","2157",72,50
"10.21105/joss.01328","1328",77,58
"10.21105/joss.03071","3071",42,25
"10.21105/joss.00250","250",12,10
"10.21105/joss.02014","2014",57,39
"10.21105/joss.04079","4079",59,39
"10.21105/joss.00746","746",37,26
"10.21105/joss.00272","272",25,23
"10.21105/joss.02038","2038",16,5
"10.21105/joss.00298","298",70,61
"10.21105/joss.00380","380",28,20
"10.21105/joss.03392","3392",50,32
"10.21105/joss.00947","947",87,63
"10.21105/joss.00808","808",95,68
"10.21105/joss.00242","242",36,33
"10.21105/joss.01720","1720",60,44
"10.21105/joss.02528","2528",50,31
"10.21105/joss.02669","2669",37,21
"10.21105/joss.00869","869",24,14
"10.21105/joss.03092","3092",66,39
"10.21105/joss.03735","3735",62,34
"10.21105/joss.03040","3040",79,54
"10.21105/joss.04800","4800",85,58
"10.21105/joss.04483","4483",108,85
"10.21105/joss.03192","3192",46,27
"10.21105/joss.04031","4031",52,30
"10.21105/joss.03613","3613",73,44
"10.21105/joss.02608","2608",37,22
"10.21105/joss.05162","5162",65,36
"10.21105/joss.00017","17",24,22
"10.21105/joss.01326","1326",90,70
"10.21105/joss.04942","4942",117,71
"10.21105/joss.02741","2741",113,81
"10.21105/joss.03362","3362",59,39
"10.21105/joss.03313","3313",68,38
"10.21105/joss.02830","2830",55,35
"10.21105/joss.03211","3211",102,75
"10.21105/joss.03668","3668",63,40
"10.21105/joss.05100","5100",105,74
"10.21105/joss.04329","4329",123,94
"10.21105/joss.01509","1509",69,40
"10.21105/joss.01708","1708",75,47
"10.21105/joss.00102","102",29,27
"10.21105/joss.05021","5021",63,38
"10.21105/joss.02957","2957",45,24
"10.21105/joss.03771","3771",77,55
"10.21105/joss.06670","6670",53,31
"10.21105/joss.05348","5348",59,40
"10.21105/joss.02727","2727",90,61
"10.21105/joss.00656","656",23,18
"10.21105/joss.03326","3326",60,37
"10.21105/joss.03082","3082",45,21
"10.21105/joss.06713","6713",59,37
"10.21105/joss.05089","5089",20,7
"10.21105/joss.00338","338",7,5
"10.21105/joss.03210","3210",61,40
"10.21105/joss.02071","2071",41,25
"10.21105/joss.02630","2630",79,53
"10.21105/joss.03705","3705",51,31
"10.21105/joss.05429","5429",55,35
"10.21105/joss.02403","2403",94,67
"10.21105/joss.02334","2334",113,92
"10.21105/joss.00865","865",54,41
"10.21105/joss.03822","3822",39,20
"10.21105/joss.02798","2798",20,10
"10.21105/joss.01070","1070",25,14
"10.21105/joss.00722","722",63,43
"10.21105/joss.02536","2536",61,43
"10.21105/joss.00033","33",20,20
"10.21105/joss.01388","1388",40,24
"10.21105/joss.02805","2805",111,80
"10.21105/joss.01465","1465",47,23
"10.21105/joss.02629","2629",95,77
"10.21105/joss.01483","1483",49,23
"10.21105/joss.00060","60",18,13
"10.21105/joss.00471","471",22,14
"10.21105/joss.03598","3598",42,25
"10.21105/joss.05879","5879",52,36
"10.21105/joss.04672","4672",126,97
"10.21105/joss.04228","4228",57,37
"10.21105/joss.04367","4367",65,42
"10.21105/joss.04515","4515",87,60
"10.21105/joss.04508","4508",50,29
"10.21105/joss.04718","4718",95,69
"10.21105/joss.04805","4805",120,86
"10.21105/joss.04181","4181",124,98
"10.21105/joss.04321","4321",69,44
"10.21105/joss.04389","4389",93,68
"10.21105/joss.04156","4156",57,30
"10.21105/joss.04171","4171",88,58
"10.21105/joss.04266","4266",49,30
"10.21105/joss.04170","4170",104,79
"10.21105/joss.04242","4242",57,41
"10.21105/joss.04382","4382",47,30
"10.21105/joss.04312","4312",70,43
"10.21105/joss.01837","1837",39,21
"10.21105/joss.04040","4040",119,96
"10.21105/joss.05967","5967",77,51
"10.21105/joss.05706","5706",91,60
"10.21105/joss.05786","5786",70,44
"10.21105/joss.04151","4151",56,32
"10.21105/joss.05693","5693",68,41
"10.21105/joss.05532","5532",66,43
"10.21105/joss.05499","5499",61,38
"10.21105/joss.04336","4336",53,36
"10.21105/joss.04754","4754",42,25
"10.21105/joss.04620","4620",54,31
"10.21105/joss.04937","4937",114,82
"10.21105/joss.04878","4878",59,39
"10.21105/joss.05268","5268",83,58
"10.21105/joss.05269","5269",43,23
"10.21105/joss.05710","5710",54,32
"10.21105/joss.05673","5673",64,43
"10.21105/joss.05704","5704",50,27
"10.21105/joss.05776","5776",42,24
"10.21105/joss.04740","4740",79,45
"10.21105/joss.05267","5267",72,45
"10.21105/joss.05293","5293",46,23
"10.21105/joss.04533","4533",54,36
"10.21105/joss.04944","4944",104,74
"10.21105/joss.05149","5149",59,33
"10.21105/joss.05160","5160",99,66
"10.21105/joss.05472","5472",68,47
"10.21105/joss.04874","4874",66,45
"10.21105/joss.05143","5143",83,54
"10.21105/joss.05595","5595",74,49
"10.21105/joss.05430","5430",50,32
"10.21105/joss.05947","5947",51,30
"10.21105/joss.05793","5793",52,29
"10.21105/joss.05177","5177",65,40
"10.21105/joss.05451","5451",79,53
"10.21105/joss.04947","4947",68,45
"10.21105/joss.05174","5174",67,39
"10.21105/joss.05294","5294",85,54
"10.21105/joss.05504","5504",56,34
"10.21105/joss.04545","4545",86,66
"10.21105/joss.04916","4916",70,44
"10.21105/joss.05040","5040",91,63
"10.21105/joss.04691","4691",59,35
"10.21105/joss.04952","4952",82,54
"10.21105/joss.04915","4915",88,59
"10.21105/joss.04881","4881",64,41
"10.21105/joss.05114","5114",91,56
"10.21105/joss.05074","5074",94,69
"10.21105/joss.05084","5084",62,42
"10.21105/joss.04534","4534",70,52
"10.21105/joss.04775","4775",43,26
"10.21105/joss.04825","4825",79,55
"10.21105/joss.05236","5236",68,43
"10.21105/joss.02006","2006",86,64
"10.21105/joss.04575","4575",91,60
"10.21105/joss.01960","1960",48,33
"10.21105/joss.04622","4622",47,27
"10.21105/joss.03094","3094",67,45
"10.21105/joss.06023","6023",96,62
"10.21105/joss.00413","413",22,20
"10.21105/joss.04708","4708",102,74
"10.21105/joss.00259","259",21,19
"10.21105/joss.05627","5627",38,17
"10.21105/joss.05525","5525",118,94
"10.21105/joss.00569","569",31,24
"10.21105/joss.06275","6275",68,45
"10.21105/joss.00596","596",27,20
"10.21105/joss.03384","3384",74,54
"10.21105/joss.00382","382",35,33
"10.21105/joss.00911","911",38,26
"10.21105/joss.03257","3257",74,51
"10.21105/joss.03675","3675",50,27
"10.21105/joss.05749","5749",77,52
"10.21105/joss.01411","1411",59,41
"10.21105/joss.03611","3611",94,65
"10.21105/joss.05128","5128",82,52
"10.21105/joss.01231","1231",45,29
"10.21105/joss.02106","2106",31,18
"10.21105/joss.02809","2809",114,82
"10.21105/joss.04368","4368",64,42
"10.21105/joss.05187","5187",71,47
"10.21105/joss.06840","6840",59,36
"10.21105/joss.02339","2339",76,52
"10.21105/joss.01900","1900",103,67
"10.21105/joss.00257","257",15,13
"10.21105/joss.05135","5135",93,67
"10.21105/joss.03594","3594",99,73
"10.21105/joss.04722","4722",72,51
"10.21105/joss.01284","1284",44,29
"10.21105/joss.04493","4493",100,76
"10.21105/joss.01249","1249",109,53
"10.21105/joss.00505","505",27,17
"10.21105/joss.01281","1281",17,5
"10.21105/joss.02752","2752",106,81
"10.21105/joss.02287","2287",51,39
"10.21105/joss.04113","4113",72,41
"10.21105/joss.00577","577",13,8
"10.21105/joss.05153","5153",77,51
"10.21105/joss.00224","224",40,37
"10.21105/joss.01330","1330",46,25
"10.21105/joss.01229","1229",103,84
"10.21105/joss.05467","5467",95,66
"10.21105/joss.00231","231",15,13
"10.21105/joss.01868","1868",46,28
"10.21105/joss.03790","3790",51,28
"10.21105/joss.00320","320",10,8
"10.21105/joss.02472","2472",61,38
"10.21105/joss.03786","3786",55,37
"10.21105/joss.00992","992",25,17
"10.21105/joss.01799","1799",60,34
"10.21105/joss.06215","6215",21,6
"10.21105/joss.00012","12",18,15
"10.21105/joss.02969","2969",77,53
"10.21105/joss.01970","1970",60,37
"10.21105/joss.00718","718",40,29
"10.21105/joss.06110","6110",78,53
"10.21105/joss.04859","4859",50,31
"10.21105/joss.06156","6156",63,39
"10.21105/joss.01182","1182",45,26
"10.21105/joss.01906","1906",85,56
"10.21105/joss.03471","3471",81,42
"10.21105/joss.04077","4077",78,48
"10.21105/joss.02976","2976",85,53
"10.21105/joss.05854","5854",96,71
"10.21105/joss.05766","5766",59,41
"10.21105/joss.05201","5201",128,86
"10.21105/joss.02582","2582",122,74
"10.21105/joss.01935","1935",59,42
"10.21105/joss.02868","2868",69,52
"10.21105/joss.04886","4886",86,54
"10.21105/joss.01244","1244",67,39
"10.21105/joss.05839","5839",125,98
"10.21105/joss.04554","4554",68,42
"10.21105/joss.03764","3764",66,39
"10.21105/joss.02066","2066",45,27
"10.21105/joss.06145","6145",107,70
"10.21105/joss.05478","5478",69,40
"10.21105/joss.02948","2948",72,49
"10.21105/joss.03453","3453",42,22
"10.21105/joss.02181","2181",60,43
"10.21105/joss.01434","1434",114,79
"10.21105/joss.01493","1493",62,44
"10.21105/joss.01544","1544",50,28
"10.21105/joss.04879","4879",93,64
"10.21105/joss.05923","5923",63,40
"10.21105/joss.06383","6383",57,29
"10.21105/joss.06453","6453",90,62
"10.21105/joss.02804","2804",69,43
"10.21105/joss.00767","767",84,57
"10.21105/joss.03323","3323",41,21
"10.21105/joss.03068","3068",62,41
"10.21105/joss.01978","1978",85,56
"10.21105/joss.05995","5995",46,28
"10.21105/joss.03399","3399",51,31
"10.21105/joss.03673","3673",66,35
"10.21105/joss.01012","1012",70,49
"10.21105/joss.02449","2449",62,41
"10.21105/joss.05887","5887",79,53
"10.21105/joss.04910","4910",46,26
"10.21105/joss.04634","4634",54,36
"10.21105/joss.00809","809",39,30
"10.21105/joss.04033","4033",58,36
"10.21105/joss.04133","4133",72,41
"10.21105/joss.02313","2313",107,58
"10.21105/joss.00140","140",15,13
"10.21105/joss.05694","5694",115,75
"10.21105/joss.06611","6611",111,81
"10.21105/joss.05026","5026",70,44
"10.21105/joss.04300","4300",88,66
"10.21105/joss.04164","4164",55,38
"10.21105/joss.04051","4051",66,34
"10.21105/joss.06622","6622",58,33
"10.21105/joss.03888","3888",114,72
"10.21105/joss.00847","847",41,31
"10.21105/joss.01994","1994",59,38
"10.21105/joss.01591","1591",81,54
"10.21105/joss.02018","2018",127,86
"10.21105/joss.05811","5811",83,55
"10.21105/joss.01273","1273",74,40
"10.21105/joss.03839","3839",57,31
"10.21105/joss.04565","4565",63,43
"10.21105/joss.01857","1857",32,19
"10.21105/joss.05742","5742",56,34
"10.21105/joss.03358","3358",81,43
"10.21105/joss.05284","5284",76,52
"10.21105/joss.01778","1778",35,18
"10.21105/joss.05492","5492",84,57
"10.21105/joss.05072","5072",123,89
"10.21105/joss.01725","1725",77,49
"10.21105/joss.06436","6436",107,69
"10.21105/joss.06441","6441",119,77
"10.21105/joss.02844","2844",57,35
"10.21105/joss.01132","1132",48,31
"10.21105/joss.06032","6032",102,77
"10.21105/joss.06605","6605",65,40
"10.21105/joss.03171","3171",42,24
"10.21105/joss.04593","4593",49,31
"10.21105/joss.01705","1705",112,75
"10.21105/joss.00295","295",22,19
"10.21105/joss.04298","4298",107,79
"10.21105/joss.03428","3428",89,59
"10.21105/joss.03458","3458",74,44
"10.21105/joss.03722","3722",51,28
"10.21105/joss.01666","1666",77,55
"10.21105/joss.00106","106",4,3
"10.21105/joss.03574","3574",82,57
"10.21105/joss.06330","6330",72,46
"10.21105/joss.06889","6889",82,50
"10.21105/joss.01698","1698",38,21
"10.21105/joss.05464","5464",46,26
"10.21105/joss.03780","3780",105,68
"10.21105/joss.03859","3859",61,39
"10.21105/joss.05124","5124",79,46
"10.21105/joss.01096","1096",30,16
"10.21105/joss.01118","1118",33,24
"10.21105/joss.06063","6063",69,40
"10.21105/joss.00671","671",81,63
"10.21105/joss.01797","1797",96,58
"10.21105/joss.00092","92",22,20
"10.21105/joss.03641","3641",68,40
"10.21105/joss.06306","6306",61,35
"10.21105/joss.02103","2103",56,37
"10.21105/joss.00790","790",9,4
"10.21105/joss.03608","3608",119,81
"10.21105/joss.01341","1341",39,22
"10.21105/joss.06038","6038",72,41
"10.21105/joss.00045","45",14,14
"10.21105/joss.01844","1844",74,50
"10.21105/joss.02439","2439",42,25
"10.21105/joss.01693","1693",88,54
"10.21105/joss.04475","4475",67,41
"10.21105/joss.00984","984",29,20
"10.21105/joss.03941","3941",54,31
"10.21105/joss.00925","925",25,15
"10.21105/joss.03981","3981",71,42
"10.21105/joss.05391","5391",84,51
"10.21105/joss.01525","1525",64,42
"10.21105/joss.02614","2614",44,27
"10.21105/joss.04897","4897",91,56
"10.21105/joss.03994","3994",57,32
"10.21105/joss.00026","26",15,15
"10.21105/joss.03539","3539",67,43
"10.21105/joss.01896","1896",40,23
"10.21105/joss.03122","3122",67,47
"10.21105/joss.01903","1903",35,18
"10.21105/joss.02328","2328",42,25
"10.21105/joss.03172","3172",89,54
"10.21105/joss.05328","5328",38,19
"10.21105/joss.02179","2179",38,24
"10.21105/joss.01556","1556",60,34
"10.21105/joss.03167","3167",85,59
"10.21105/joss.00731","731",34,20
"10.21105/joss.02906","2906",54,33
"10.21105/joss.03089","3089",49,29
"10.21105/joss.01504","1504",45,29
"10.21105/joss.03021","3021",85,45
"10.21105/joss.00638","638",32,20
"10.21105/joss.03828","3828",59,37
"10.21105/joss.05553","5553",59,35
"10.21105/joss.00861","861",18,13
"10.21105/joss.03139","3139",52,31
"10.21105/joss.00593","593",62,52
"10.21105/joss.01044","1044",79,49
"10.21105/joss.04644","4644",53,31
"10.21105/joss.01287","1287",39,20
"10.21105/joss.00950","950",57,35
"10.21105/joss.02782","2782",56,36
"10.21105/joss.01904","1904",80,56
"10.21105/joss.02554","2554",59,42
"10.21105/joss.01141","1141",32,19
"10.21105/joss.02975","2975",66,40
"10.21105/joss.02315","2315",42,25
"10.21105/joss.01021","1021",62,40
"10.21105/joss.03884","3884",77,46
"10.21105/joss.03056","3056",51,30
"10.21105/joss.04818","4818",172,140
"10.21105/joss.00052","52",53,46
"10.21105/joss.03919","3919",81,60
"10.21105/joss.03430","3430",68,37
"10.21105/joss.02854","2854",82,63
"10.21105/joss.02430","2430",44,23
"10.21105/joss.00890","890",38,24
"10.21105/joss.02949","2949",58,41
"10.21105/joss.01942","1942",161,117
"10.21105/joss.04039","4039",59,37
"10.21105/joss.01095","1095",37,22
"10.21105/joss.03079","3079",83,50
"10.21105/joss.00667","667",44,33
"10.21105/joss.03652","3652",68,45
"10.21105/joss.00368","368",35,33
"10.21105/joss.00190","190",19,16
"10.21105/joss.00189","189",10,8
"10.21105/joss.05779","5779",95,60
"10.21105/joss.02596","2596",67,45
"10.21105/joss.00153","153",34,31
"10.21105/joss.00488","488",25,18
"10.21105/joss.01612","1612",108,68
"10.21105/joss.01077","1077",43,18
"10.21105/joss.00363","363",22,19
"10.21105/joss.00179","179",13,11
"10.21105/joss.00301","301",28,26
"10.21105/joss.03992","3992",59,34
"10.21105/joss.01665","1665",88,57
"10.21105/joss.01862","1862",97,59
"10.21105/joss.05820","5820",62,41
"10.21105/joss.06339","6339",58,36
"10.21105/joss.03322","3322",74,45
"10.21105/joss.03032","3032",56,34
"10.21105/joss.00351","351",13,11
"10.21105/joss.00782","782",63,43
"10.21105/joss.03078","3078",106,73
"10.21105/joss.01584","1584",79,61
"10.21105/joss.05844","5844",87,55
"10.21105/joss.03738","3738",96,65
"10.21105/joss.01699","1699",77,45
"10.21105/joss.03065","3065",75,51
"10.21105/joss.02048","2048",119,94
"10.21105/joss.01675","1675",65,40
"10.21105/joss.01910","1910",40,22
"10.21105/joss.06469","6469",82,50
"10.21105/joss.04415","4415",52,36
"10.21105/joss.02265","2265",45,24
"10.21105/joss.04193","4193",72,49
"10.21105/joss.04036","4036",67,42
"10.21105/joss.03273","3273",69,49
"10.21105/joss.03051","3051",56,39
"10.21105/joss.02814","2814",62,44
"10.21105/joss.01344","1344",57,35
"10.21105/joss.04074","4074",56,29
"10.21105/joss.01835","1835",87,66
"10.21105/joss.00567","567",19,12
"10.21105/joss.00971","971",16,11
"10.21105/joss.00792","792",24,15
"10.21105/joss.03024","3024",51,33
"10.21105/joss.01701","1701",138,74
"10.21105/joss.01006","1006",28,17
"10.21105/joss.01577","1577",70,41
"10.21105/joss.02073","2073",33,19
"10.21105/joss.00612","612",21,16
"10.21105/joss.03439","3439",55,34
"10.21105/joss.02318","2318",56,39
"10.21105/joss.01738","1738",80,44
"10.21105/joss.03038","3038",57,34
"10.21105/joss.03882","3882",56,32
"10.21105/joss.05973","5973",75,48
"10.21105/joss.01500","1500",85,56
"10.21105/joss.06024","6024",74,47
"10.21105/joss.02892","2892",68,42
"10.21105/joss.01542","1542",67,40
"10.21105/joss.01812","1812",54,35
"10.21105/joss.00300","300",120,91
"10.21105/joss.01453","1453",106,71
"10.21105/joss.02164","2164",55,35
"10.21105/joss.02474","2474",76,52
"10.21105/joss.00513","513",12,7
"10.21105/joss.01865","1865",142,111
"10.21105/joss.00547","547",70,50
"10.21105/joss.04602","4602",53,36
"10.21105/joss.00625","625",8,3
"10.21105/joss.01136","1136",70,45
"10.21105/joss.00366","366",23,21
"10.21105/joss.01545","1545",48,25
"10.21105/joss.00719","719",41,28
"10.21105/joss.00251","251",49,47
"10.21105/joss.02694","2694",84,65
"10.21105/joss.03766","3766",58,36
"10.21105/joss.00830","830",72,67
"10.21105/joss.01992","1992",101,74
"10.21105/joss.02029","2029",75,49
"10.21105/joss.02761","2761",23,11
"10.21105/joss.02514","2514",72,52
"10.21105/joss.01626","1626",33,22
"10.21105/joss.01589","1589",77,45
"10.21105/joss.00616","616",33,22
"10.21105/joss.01466","1466",83,51
"10.21105/joss.01532","1532",73,49
"10.21105/joss.00921","921",44,27
"10.21105/joss.02643","2643",65,35
"10.21105/joss.03543","3543",52,33
"10.21105/joss.06425","6425",66,45
"10.21105/joss.01410","1410",77,46
"10.21105/joss.06123","6123",80,51
"10.21105/joss.06089","6089",68,45
"10.21105/joss.05886","5886",88,62
"10.21105/joss.00465","465",36,25
"10.21105/joss.00493","493",51,44
"10.21105/joss.05584","5584",109,71
"10.21105/joss.03383","3383",91,58
"10.21105/joss.04458","4458",52,32
"10.21105/joss.02116","2116",47,32
"10.21105/joss.05549","5549",146,119
"10.21105/joss.03262","3262",77,46
"10.21105/joss.01458","1458",41,26
"10.21105/joss.03866","3866",81,41
"10.21105/joss.03093","3093",84,51
"10.21105/joss.01915","1915",51,27
"10.21105/joss.01361","1361",33,21
"10.21105/joss.05738","5738",38,22
"10.21105/joss.03325","3325",101,72
"10.21105/joss.01716","1716",62,42
"10.21105/joss.01771","1771",68,43
"10.21105/joss.01957","1957",58,31
"10.21105/joss.02348","2348",53,35
"10.21105/joss.03490","3490",69,43
"10.21105/joss.01991","1991",61,41
"10.21105/joss.02641","2641",59,44
"10.21105/joss.06083","6083",132,90
"10.21105/joss.03895","3895",74,50
"10.21105/joss.02845","2845",60,39
"10.21105/joss.00580","580",24,19
"10.21105/joss.02699","2699",68,44
"10.21105/joss.04757","4757",81,57
"10.21105/joss.00281","281",21,19
"10.21105/joss.02527","2527",49,32
"10.21105/joss.05024","5024",78,55
"10.21105/joss.01833","1833",71,45
"10.21105/joss.04823","4823",70,45
"10.21105/joss.00738","738",31,24
"10.21105/joss.01882","1882",56,38
"10.21105/joss.03098","3098",67,45
"10.21105/joss.03649","3649",91,62
"10.21105/joss.02818","2818",46,26
"10.21105/joss.03265","3265",49,31
"10.21105/joss.02480","2480",44,26
"10.21105/joss.02395","2395",64,44
"10.21105/joss.01816","1816",68,50
"10.21105/joss.03634","3634",70,46
"10.21105/joss.05647","5647",53,31
"10.21105/joss.06188","6188",45,23
"10.21105/joss.01291","1291",79,63
"10.21105/joss.01345","1345",36,23
"10.21105/joss.01889","1889",85,61
"10.21105/joss.00916","916",31,20
"10.21105/joss.01022","1022",52,36
"10.21105/joss.01945","1945",40,23
"10.21105/joss.06263","6263",103,69
"10.21105/joss.00500","500",52,35
"10.21105/joss.01890","1890",60,34
"10.21105/joss.05340","5340",52,28
"10.21105/joss.02117","2117",90,65
"10.21105/joss.01387","1387",45,27
"10.21105/joss.00235","235",45,43
"10.21105/joss.01956","1956",70,53
"10.21105/joss.06148","6148",70,47
"10.21105/joss.05983","5983",80,56
"10.21105/joss.02594","2594",60,34
"10.21105/joss.00701","701",48,19
"10.21105/joss.05702","5702",60,33
"10.21105/joss.06573","6573",65,39
"10.21105/joss.04299","4299",46,26
"10.21105/joss.03898","3898",120,71
"10.21105/joss.00849","849",68,45
"10.21105/joss.01408","1408",102,66
"10.21105/joss.05688","5688",129,86
"10.21105/joss.04363","4363",141,96
"10.21105/joss.02843","2843",43,25
"10.21105/joss.02119","2119",33,18
"10.21105/joss.04896","4896",86,58
"10.21105/joss.04624","4624",89,61
"10.21105/joss.04459","4459",77,50
"10.21105/joss.04531","4531",50,29
"10.21105/joss.04326","4326",66,42
"10.21105/joss.04442","4442",92,58
"10.21105/joss.04762","4762",71,49
"10.21105/joss.04592","4592",106,73
"10.21105/joss.04663","4663",46,26
"10.21105/joss.04848","4848",74,48
"10.21105/joss.04306","4306",49,29
"10.21105/joss.04683","4683",75,51
"10.21105/joss.04282","4282",97,65
"10.21105/joss.04719","4719",65,42
"10.21105/joss.04906","4906",62,40
"10.21105/joss.04969","4969",67,42
"10.21105/joss.05039","5039",71,49
"10.21105/joss.05139","5139",53,31
"10.21105/joss.04280","4280",91,60
"10.21105/joss.04024","4024",82,45
"10.21105/joss.04305","4305",96,70
"10.21105/joss.04467","4467",66,40
"10.21105/joss.04172","4172",88,60
"10.21105/joss.04022","4022",100,60
"10.21105/joss.03829","3829",63,40
"10.21105/joss.03965","3965",220,160
"10.21105/joss.03990","3990",66,42
"10.21105/joss.05639","5639",67,43
"10.21105/joss.04080","4080",92,54
"10.21105/joss.04231","4231",70,42
"10.21105/joss.04303","4303",74,46
"10.21105/joss.05420","5420",109,74
"10.21105/joss.05813","5813",80,49
"10.21105/joss.05195","5195",58,33
"10.21105/joss.05364","5364",55,35
"10.21105/joss.04900","4900",54,36
"10.21105/joss.05658","5658",88,62
"10.21105/joss.05397","5397",75,56
"10.21105/joss.05616","5616",60,37
"10.21105/joss.05567","5567",58,35
"10.21105/joss.03292","3292",93,61
"10.21105/joss.03736","3736",116,93
"10.21105/joss.03700","3700",110,79
"10.21105/joss.03741","3741",60,35
"10.21105/joss.04073","4073",134,96
"10.21105/joss.04093","4093",71,44
"10.21105/joss.03220","3220",58,39
"10.21105/joss.04099","4099",104,71
"10.21105/joss.03947","3947",70,44
"10.21105/joss.02749","2749",77,57
"10.21105/joss.05731","5731",140,105
"10.21105/joss.03861","3861",83,56
"10.21105/joss.03711","3711",100,61
"10.21105/joss.00528","528",24,15
"10.21105/joss.00487","487",49,39
"10.21105/joss.01157","1157",63,52
"10.21105/joss.02060","2060",63,43
"10.21105/joss.01621","1621",66,43
"10.21105/joss.06746","6746",91,54
"10.21105/joss.00494","494",23,17
"10.21105/joss.05091","5091",55,30
"10.21105/joss.04205","4205",69,48
"10.21105/joss.01885","1885",47,27
"10.21105/joss.02481","2481",60,36
"10.21105/joss.00402","402",8,6
"10.21105/joss.05727","5727",89,62
"10.21105/joss.02161","2161",125,92
"10.21105/joss.00859","859",8,3
"10.21105/joss.03053","3053",127,95
"10.21105/joss.05946","5946",51,30
"10.21105/joss.05434","5434",76,46
"10.21105/joss.03901","3901",79,47
"10.21105/joss.02134","2134",48,33
"10.21105/joss.01863","1863",35,24
"10.21105/joss.01003","1003",32,17
"10.21105/joss.04050","4050",71,37
"10.21105/joss.04633","4633",54,34
"10.21105/joss.01839","1839",79,49
"10.21105/joss.01147","1147",60,44
"10.21105/joss.04902","4902",85,52
"10.21105/joss.02153","2153",133,101
"10.21105/joss.02290","2290",68,45
"10.21105/joss.06224","6224",74,46
"10.21105/joss.03959","3959",102,75
"10.21105/joss.00885","885",26,19
"10.21105/joss.06368","6368",86,64
"10.21105/joss.03168","3168",66,41
"10.21105/joss.00828","828",37,24
"10.21105/joss.03823","3823",63,39
"10.21105/joss.03020","3020",168,123
"10.21105/joss.03456","3456",33,16
"10.21105/joss.01543","1543",56,33
"10.21105/joss.03414","3414",60,35
"10.21105/joss.06146","6146",72,50
"10.21105/joss.03526","3526",75,40
"10.21105/joss.01075","1075",41,25
"10.21105/joss.02308","2308",95,74
"10.21105/joss.00024","24",20,20
"10.21105/joss.00305","305",5,3
"10.21105/joss.02838","2838",68,46
"10.21105/joss.01266","1266",54,35
"10.21105/joss.00748","748",27,19
"10.21105/joss.02158","2158",59,38
"10.21105/joss.03434","3434",71,47
"10.21105/joss.03066","3066",95,54
"10.21105/joss.02349","2349",52,35
"10.21105/joss.01315","1315",102,60
"10.21105/joss.02768","2768",64,40
"10.21105/joss.02688","2688",128,99
"10.21105/joss.06105","6105",57,34
"10.21105/joss.00053","53",37,33
"10.21105/joss.01775","1775",34,21
"10.21105/joss.06304","6304",46,26
"10.21105/joss.03336","3336",55,35
"10.21105/joss.04904","4904",97,70
"10.21105/joss.05884","5884",78,51
"10.21105/joss.06587","6587",61,36
"10.21105/joss.01137","1137",37,24
"10.21105/joss.01926","1926",28,13
"10.21105/joss.06366","6366",85,55
"10.21105/joss.03194","3194",49,28
"10.21105/joss.02316","2316",110,73
"10.21105/joss.05296","5296",94,70
"10.21105/joss.05657","5657",58,36
"10.21105/joss.01593","1593",65,41
"10.21105/joss.06503","6503",61,36
"10.21105/joss.03099","3099",86,51
"10.21105/joss.00046","46",29,27
"10.21105/joss.01742","1742",44,26
"10.21105/joss.05407","5407",52,29
"10.21105/joss.05996","5996",24,9
"10.21105/joss.05877","5877",96,74
"10.21105/joss.06340","6340",82,55
"10.21105/joss.05253","5253",165,118
"10.21105/joss.00940","940",49,28
"10.21105/joss.04261","4261",120,83
"10.21105/joss.01359","1359",84,46
"10.21105/joss.01912","1912",88,58
"10.21105/joss.01800","1800",57,36
"10.21105/joss.05855","5855",76,57
"10.21105/joss.05744","5744",92,62
"10.21105/joss.00279","279",19,17
"10.21105/joss.06915","6915",77,50
"10.21105/joss.03390","3390",129,89
"10.21105/joss.00425","425",29,22
"10.21105/joss.00819","819",30,19
"10.21105/joss.05789","5789",85,52
"10.21105/joss.02077","2077",58,41
"10.21105/joss.03039","3039",36,17
"10.21105/joss.06624","6624",67,39
"10.21105/joss.03523","3523",48,28
"10.21105/joss.03607","3607",65,43
"10.21105/joss.04637","4637",111,77
"10.21105/joss.02977","2977",85,49
"10.21105/joss.03417","3417",84,64
"10.21105/joss.06625","6625",81,49
"10.21105/joss.00571","571",16,9
"10.21105/joss.01169","1169",50,29
"10.21105/joss.02513","2513",115,67
"10.21105/joss.00036","36",8,8
"10.21105/joss.02823","2823",127,81
"10.21105/joss.04684","4684",64,40
"10.21105/joss.05428","5428",45,25
"10.21105/joss.02668","2668",70,46
"10.21105/joss.00116","116",10,9
"10.21105/joss.05035","5035",91,61
"10.21105/joss.02507","2507",83,56
"10.21105/joss.06745","6745",67,44
"10.21105/joss.03394","3394",58,36
"10.21105/joss.00025","25",34,34
"10.21105/joss.00506","506",45,32
"10.21105/joss.04908","4908",60,38
"10.21105/joss.01864","1864",58,38
"10.21105/joss.02411","2411",42,26
"10.21105/joss.02784","2784",44,27
"10.21105/joss.00979","979",48,30
"10.21105/joss.04098","4098",107,67
"10.21105/joss.02750","2750",50,33
"10.21105/joss.02597","2597",81,57
"10.21105/joss.03824","3824",79,50
"10.21105/joss.01667","1667",56,34
"10.21105/joss.02563","2563",82,48
"10.21105/joss.01073","1073",41,30
"10.21105/joss.00091","91",21,17
"10.21105/joss.02286","2286",85,50
"10.21105/joss.00473","473",24,14
"10.21105/joss.02369","2369",54,35
"10.21105/joss.00139","139",22,20
"10.21105/joss.04120","4120",72,49
"10.21105/joss.05028","5028",66,41
"10.21105/joss.00774","774",33,28
"10.21105/joss.03393","3393",66,46
"10.21105/joss.00648","648",24,16
"10.21105/joss.01026","1026",25,14
"10.21105/joss.01849","1849",63,37
"10.21105/joss.04982","4982",45,31
"10.21105/joss.00538","538",25,20
"10.21105/joss.06369","6369",82,60
"10.21105/joss.00695","695",34,26
"10.21105/joss.02991","2991",63,39
"10.21105/joss.02174","2174",94,54
"10.21105/joss.00884","884",31,23
"10.21105/joss.01541","1541",59,38
"10.21105/joss.00097","97",36,33
"10.21105/joss.00660","660",32,22
"10.21105/joss.02722","2722",61,39
"10.21105/joss.03457","3457",42,22
"10.21105/joss.00846","846",10,5
"10.21105/joss.01015","1015",28,15
"10.21105/joss.02394","2394",93,70
"10.21105/joss.01392","1392",74,38
"10.21105/joss.01610","1610",57,34
"10.21105/joss.00441","441",19,17
"10.21105/joss.02388","2388",56,37
"10.21105/joss.01721","1721",69,39
"10.21105/joss.00909","909",39,22
"10.21105/joss.02565","2565",85,63
"10.21105/joss.03156","3156",58,35
"10.21105/joss.00775","775",53,39
"10.21105/joss.00217","217",78,64
"10.21105/joss.03274","3274",108,73
"10.21105/joss.02743","2743",105,85
"10.21105/joss.01005","1005",116,84
"10.21105/joss.00710","710",30,23
"10.21105/joss.01478","1478",77,43
"10.21105/joss.00418","418",21,18
"10.21105/joss.05869","5869",89,59
"10.21105/joss.03440","3440",52,32
"10.21105/joss.00208","208",17,14
"10.21105/joss.02405","2405",65,45
"10.21105/joss.01013","1013",74,43
"10.21105/joss.00023","23",12,12
"10.21105/joss.02424","2424",73,48
"10.21105/joss.03348","3348",90,63
"10.21105/joss.06064","6064",43,25
"10.21105/joss.02575","2575",101,83
"10.21105/joss.00255","255",18,16
"10.21105/joss.00169","169",15,11
"10.21105/joss.03631","3631",90,55
"10.21105/joss.01037","1037",86,59
"10.21105/joss.02432","2432",66,48
"10.21105/joss.02372","2372",60,41
"10.21105/joss.02168","2168",107,83
"10.21105/joss.01815","1815",82,58
"10.21105/joss.01480","1480",38,28
"10.21105/joss.01990","1990",39,21
"10.21105/joss.02042","2042",69,50
"10.21105/joss.04677","4677",74,54
"10.21105/joss.01144","1144",38,22
"10.21105/joss.00755","755",46,44
"10.21105/joss.01554","1554",72,43
"10.21105/joss.02463","2463",85,62
"10.21105/joss.05194","5194",72,45
"10.21105/joss.03719","3719",88,67
"10.21105/joss.00960","960",32,25
"10.21105/joss.00168","168",12,9
"10.21105/joss.00230","230",7,5
"10.21105/joss.01524","1524",112,73
"10.21105/joss.00093","93",40,37
"10.21105/joss.03297","3297",47,28
"10.21105/joss.00588","588",48,33
"10.21105/joss.00640","640",16,11
"10.21105/joss.04996","4996",60,37
"10.21105/joss.00234","234",16,14
"10.21105/joss.00020","20",23,23
"10.21105/joss.03991","3991",111,76
"10.21105/joss.02979","2979",61,35
"10.21105/joss.01756","1756",43,24
"10.21105/joss.03937","3937",47,23
"10.21105/joss.00340","340",22,20
"10.21105/joss.00964","964",31,22
"10.21105/joss.03521","3521",58,33
"10.21105/joss.02717","2717",50,33
"10.21105/joss.03429","3429",38,23
"10.21105/joss.03678","3678",63,43
"10.21105/joss.06501","6501",85,45
"10.21105/joss.02166","2166",89,54
"10.21105/joss.02170","2170",63,44
"10.21105/joss.02585","2585",62,41
"10.21105/joss.05661","5661",57,36
"10.21105/joss.02791","2791",62,40
"10.21105/joss.02408","2408",82,58
"10.21105/joss.01982","1982",66,42
"10.21105/joss.00373","373",8,6
"10.21105/joss.02276","2276",133,108
"10.21105/joss.01201","1201",53,33
"10.21105/joss.00044","44",41,38
"10.21105/joss.01038","1038",52,32
"10.21105/joss.03282","3282",38,20
"10.21105/joss.03739","3739",81,47
"10.21105/joss.01228","1228",82,49
"10.21105/joss.00018","18",14,14
"10.21105/joss.03314","3314",80,57
"10.21105/joss.02049","2049",103,72
"10.21105/joss.02558","2558",83,62
"10.21105/joss.00691","691",31,22
"10.21105/joss.00989","989",54,33
"10.21105/joss.03344","3344",87,57
"10.21105/joss.02548","2548",104,81
"10.21105/joss.03784","3784",77,47
"10.21105/joss.00892","892",48,37
"10.21105/joss.06292","6292",93,57
"10.21105/joss.01166","1166",175,108
"10.21105/joss.05772","5772",75,49
"10.21105/joss.00043","43",38,37
"10.21105/joss.00948","948",33,21
"10.21105/joss.01533","1533",56,37
"10.21105/joss.03659","3659",51,33
"10.21105/joss.01513","1513",54,34
"10.21105/joss.03193","3193",25,12
"10.21105/joss.03308","3308",52,32
"10.21105/joss.00408","408",12,10
"10.21105/joss.01661","1661",35,20
"10.21105/joss.01312","1312",76,55
"10.21105/joss.01809","1809",96,59
"10.21105/joss.00437","437",43,38
"10.21105/joss.02812","2812",106,71
"10.21105/joss.03133","3133",89,48
"10.21105/joss.03067","3067",68,44
"10.21105/joss.00941","941",69,48
"10.21105/joss.02584","2584",87,69
"10.21105/joss.05938","5938",45,26
"10.21105/joss.00282","282",19,16
"10.21105/joss.02562","2562",47,30
"10.21105/joss.06729","6729",97,61
"10.21105/joss.03905","3905",70,41
"10.21105/joss.01390","1390",67,39
"10.21105/joss.02180","2180",79,54
"10.21105/joss.02940","2940",41,22
"10.21105/joss.02136","2136",72,50
"10.21105/joss.00527","527",26,19
"10.21105/joss.03772","3772",53,31
"10.21105/joss.02674","2674",71,46
"10.21105/joss.03814","3814",63,36
"10.21105/joss.00531","531",11,6
"10.21105/joss.03284","3284",44,28
"10.21105/joss.00216","216",25,20
"10.21105/joss.03546","3546",69,47
"10.21105/joss.01108","1108",32,20
"10.21105/joss.00862","862",42,28
"10.21105/joss.05205","5205",65,43
"10.21105/joss.01717","1717",74,46
"10.21105/joss.03416","3416",104,71
"10.21105/joss.02849","2849",46,29
"10.21105/joss.03077","3077",102,57
"10.21105/joss.03658","3658",78,48
"10.21105/joss.04183","4183",67,43
"10.21105/joss.06677","6677",66,38
"10.21105/joss.04504","4504",63,44
"10.21105/joss.02409","2409",73,52
"10.21105/joss.00350","350",16,13
"10.21105/joss.04240","4240",44,23
"10.21105/joss.02604","2604",62,41
"10.21105/joss.01236","1236",47,30
"10.21105/joss.05494","5494",71,48
"10.21105/joss.00690","690",8,3
"10.21105/joss.02978","2978",94,69
"10.21105/joss.01397","1397",89,49
"10.21105/joss.05804","5804",94,68
"10.21105/joss.00424","424",23,21
"10.21105/joss.02664","2664",51,35
"10.21105/joss.03860","3860",56,35
"10.21105/joss.06338","6338",83,54
"10.21105/joss.04166","4166",91,55
"10.21105/joss.04472","4472",79,56
"10.21105/joss.00056","56",11,11
"10.21105/joss.05663","5663",47,26
"10.21105/joss.06537","6537",45,27
"10.21105/joss.06037","6037",71,44
"10.21105/joss.03049","3049",47,32
"10.21105/joss.02450","2450",71,50
"10.21105/joss.01576","1576",59,34
"10.21105/joss.01494","1494",63,40
"10.21105/joss.00516","516",28,23
"10.21105/joss.05987","5987",91,61
"10.21105/joss.06619","6619",67,37
"10.21105/joss.04655","4655",79,51
"10.21105/joss.00456","456",58,47
"10.21105/joss.00470","470",17,12
"10.21105/joss.02338","2338",92,59
"10.21105/joss.00684","684",41,33
"10.21105/joss.00615","615",48,37
"10.21105/joss.02376","2376",65,41
"10.21105/joss.02075","2075",56,39
"10.21105/joss.02872","2872",88,63
"10.21105/joss.05585","5585",90,63
"10.21105/joss.01040","1040",48,27
"10.21105/joss.00133","133",15,12
"10.21105/joss.03255","3255",85,43
"10.21105/joss.02381","2381",46,26
"10.21105/joss.02579","2579",62,42
"10.21105/joss.04681","4681",58,36
"10.21105/joss.06174","6174",97,58
"10.21105/joss.01989","1989",55,37
"10.21105/joss.06011","6011",60,36
"10.21105/joss.02974","2974",87,64
"10.21105/joss.04816","4816",82,54
"10.21105/joss.04759","4759",112,76
"10.21105/joss.04872","4872",37,22
"10.21105/joss.04861","4861",85,54
"10.21105/joss.04864","4864",79,49
"10.21105/joss.04868","4868",52,31
"10.21105/joss.05126","5126",54,33
"10.21105/joss.04185","4185",68,47
"10.21105/joss.04365","4365",93,63
"10.21105/joss.04338","4338",40,20
"10.21105/joss.04265","4265",86,57
"10.21105/joss.04747","4747",69,45
"10.21105/joss.04621","4621",62,39
"10.21105/joss.04678","4678",50,32
"10.21105/joss.04611","4611",112,74
"10.21105/joss.04038","4038",57,37
"10.21105/joss.04451","4451",61,38
"10.21105/joss.04404","4404",55,34
"10.21105/joss.04017","4017",59,33
"10.21105/joss.03885","3885",66,41
"10.21105/joss.03904","3904",60,39
"10.21105/joss.03960","3960",89,51
"10.21105/joss.03956","3956",119,92
"10.21105/joss.03993","3993",84,57
"10.21105/joss.03996","3996",115,76
"10.21105/joss.04015","4015",99,69
"10.21105/joss.03974","3974",104,74
"10.21105/joss.04173","4173",102,66
"10.21105/joss.04278","4278",65,36
"10.21105/joss.03329","3329",84,52
"10.21105/joss.05713","5713",61,41
"10.21105/joss.05777","5777",73,49
"10.21105/joss.05523","5523",71,47
"10.21105/joss.05605","5605",80,49
"10.21105/joss.05858","5858",67,43
"10.21105/joss.05453","5453",45,25
"10.21105/joss.05750","5750",53,33
"10.21105/joss.05959","5959",61,37
"10.21105/joss.05669","5669",117,84
"10.21105/joss.05619","5619",69,40
"10.21105/joss.05338","5338",39,20
"10.21105/joss.05375","5375",92,58
"10.21105/joss.05417","5417",64,40
"10.21105/joss.05092","5092",94,67
"10.21105/joss.05352","5352",60,40
"10.21105/joss.05023","5023",66,44
"10.21105/joss.05436","5436",69,48
"10.21105/joss.05099","5099",80,56
"10.21105/joss.05500","5500",116,89
"10.21105/joss.04945","4945",67,46
"10.21105/joss.04877","4877",100,75
"10.21105/joss.05275","5275",70,41
"10.21105/joss.05200","5200",74,48
"10.21105/joss.05272","5272",88,59
"10.21105/joss.05155","5155",54,33
"10.21105/joss.05298","5298",79,52
"10.21105/joss.04767","4767",54,34
"10.21105/joss.05097","5097",103,83
"10.21105/joss.04642","4642",77,54
"10.21105/joss.05019","5019",99,66
"10.21105/joss.05225","5225",49,27
"10.21105/joss.04866","4866",73,42
"10.21105/joss.04924","4924",63,42
"10.21105/joss.04949","4949",58,32
"10.21105/joss.05251","5251",92,67
"10.21105/joss.05265","5265",74,51
"10.21105/joss.05554","5554",56,37
"10.21105/joss.05371","5371",87,55
"10.21105/joss.05664","5664",48,28
"10.21105/joss.05056","5056",77,50
"10.21105/joss.05165","5165",84,53
"10.21105/joss.05256","5256",63,39
"10.21105/joss.05545","5545",63,41
"10.21105/joss.05548","5548",62,40
"10.21105/joss.05575","5575",80,55
"10.21105/joss.05979","5979",42,23
"10.21105/joss.04674","4674",58,36
"10.21105/joss.05008","5008",74,55
"10.21105/joss.05291","5291",83,54
"10.21105/joss.06175","6175",80,59
"10.21105/joss.06589","6589",47,27
"10.21105/joss.04457","4457",46,23
"10.21105/joss.02939","2939",78,50
"10.21105/joss.01614","1614",62,37
"10.21105/joss.00062","62",35,30
"10.21105/joss.06500","6500",78,43
"10.21105/joss.03075","3075",37,21
"10.21105/joss.01193","1193",69,38
"10.21105/joss.02970","2970",70,42
"10.21105/joss.02034","2034",62,41
"10.21105/joss.01662","1662",51,31
"10.21105/joss.03114","3114",76,52
"10.21105/joss.03820","3820",56,38
"10.21105/joss.00630","630",36,31
"10.21105/joss.05411","5411",70,44
"10.21105/joss.05916","5916",76,56
"10.21105/joss.00440","440",43,40
"10.21105/joss.06136","6136",89,66
"10.21105/joss.02705","2705",42,26
"10.21105/joss.03219","3219",171,105
"10.21105/joss.02862","2862",111,64
"10.21105/joss.03617","3617",82,49
"10.21105/joss.04158","4158",70,47
"10.21105/joss.01635","1635",41,23
"10.21105/joss.02816","2816",70,44
"10.21105/joss.05435","5435",73,52
"10.21105/joss.05038","5038",54,29
"10.21105/joss.05329","5329",61,39
"10.21105/joss.04200","4200",51,31
"10.21105/joss.05312","5312",67,40
"10.21105/joss.02435","2435",89,58
"10.21105/joss.05651","5651",58,37
"10.21105/joss.05313","5313",64,46
"10.21105/joss.06415","6415",52,31
"10.21105/joss.01417","1417",82,46
"10.21105/joss.05927","5927",90,66
"10.21105/joss.00042","42",21,21
"10.21105/joss.03967","3967",74,47
"10.21105/joss.00556","556",26,21
"10.21105/joss.05873","5873",57,32
"10.21105/joss.05976","5976",69,42
"10.21105/joss.06372","6372",75,53
"10.21105/joss.00514","514",22,16
"10.21105/joss.04862","4862",76,53
"10.21105/joss.04522","4522",58,35
"10.21105/joss.00103","103",26,23
"10.21105/joss.03249","3249",33,14
"10.21105/joss.03950","3950",53,31
"10.21105/joss.02448","2448",85,46
"10.21105/joss.03742","3742",179,128
"10.21105/joss.01828","1828",81,54
"10.21105/joss.03625","3625",65,43
"10.21105/joss.04468","4468",122,92
"10.21105/joss.05300","5300",57,35
"10.21105/joss.06147","6147",77,53
"10.21105/joss.05491","5491",49,29
"10.21105/joss.05868","5868",87,65
"10.21105/joss.06648","6648",25,8
"10.21105/joss.06325","6325",62,43
"10.21105/joss.06186","6186",79,52
"10.21105/joss.03575","3575",48,29
"10.21105/joss.03914","3914",56,31
"10.21105/joss.01611","1611",72,52
"10.21105/joss.06724","6724",48,27
"10.21105/joss.02671","2671",103,71
"10.21105/joss.05054","5054",48,27
"10.21105/joss.06684","6684",69,45
"10.21105/joss.05240","5240",72,46
"10.21105/joss.00737","737",41,33
"10.21105/joss.01279","1279",72,43
"10.21105/joss.03054","3054",97,66
"10.21105/joss.03710","3710",68,41
"10.21105/joss.01881","1881",59,39
"10.21105/joss.02266","2266",53,36
"10.21105/joss.01796","1796",74,44
"10.21105/joss.03997","3997",69,42
"10.21105/joss.02176","2176",100,64
"10.21105/joss.01601","1601",51,31
"10.21105/joss.05570","5570",115,74
"10.21105/joss.02515","2515",68,44
"10.21105/joss.06474","6474",73,50
"10.21105/joss.06490","6490",40,19
"10.21105/joss.01508","1508",71,43
"10.21105/joss.03893","3893",35,17
"10.21105/joss.04495","4495",65,39
"10.21105/joss.02733","2733",127,95
"10.21105/joss.00511","511",14,9
"10.21105/joss.04014","4014",69,42
"10.21105/joss.06018","6018",60,45
"10.21105/joss.05386","5386",70,47
"10.21105/joss.06461","6461",104,65
"10.21105/joss.01393","1393",43,27
"10.21105/joss.02646","2646",88,63
"10.21105/joss.03143","3143",127,87
"10.21105/joss.04707","4707",81,51
"10.21105/joss.06002","6002",67,46
"10.21105/joss.03238","3238",61,39
"10.21105/joss.00355","355",10,8
"10.21105/joss.02599","2599",74,53
"10.21105/joss.01342","1342",87,51
"10.21105/joss.01981","1981",58,36
"10.21105/joss.01427","1427",34,24
"10.21105/joss.01404","1404",69,36
"10.21105/joss.04739","4739",61,37
"10.21105/joss.02800","2800",104,74
"10.21105/joss.00185","185",28,24
"10.21105/joss.05372","5372",125,91
"10.21105/joss.03915","3915",85,55
"10.21105/joss.06600","6600",68,43
"10.21105/joss.06547","6547",64,40
"10.21105/joss.04507","4507",20,7
"10.21105/joss.00247","247",13,11
"10.21105/joss.05587","5587",84,58
"10.21105/joss.04987","4987",56,32
"10.21105/joss.01540","1540",67,40
"10.21105/joss.00904","904",51,32
"10.21105/joss.01207","1207",33,17
"10.21105/joss.02520","2520",74,44
"10.21105/joss.02687","2687",94,64
"10.21105/joss.01220","1220",23,11
"10.21105/joss.02828","2828",77,56
"10.21105/joss.05686","5686",96,62
"10.21105/joss.04530","4530",65,45
"10.21105/joss.02307","2307",102,71
"10.21105/joss.02094","2094",49,33
"10.21105/joss.01028","1028",35,17
"10.21105/joss.02314","2314",17,8
"10.21105/joss.05292","5292",67,40
"10.21105/joss.00034","34",61,61
"10.21105/joss.00797","797",61,44
"10.21105/joss.06531","6531",86,53
"10.21105/joss.01746","1746",83,52
"10.21105/joss.03522","3522",80,48
"10.21105/joss.00900","900",90,65
"10.21105/joss.00653","653",21,13
"10.21105/joss.04863","4863",58,33
"10.21105/joss.02440","2440",93,76
"10.21105/joss.02445","2445",76,52
"10.21105/joss.04721","4721",56,35
"10.21105/joss.04799","4799",51,32
"10.21105/joss.02866","2866",64,42
"10.21105/joss.00602","602",36,27
"10.21105/joss.02353","2353",69,49
"10.21105/joss.01959","1959",43,26
"10.21105/joss.05295","5295",70,49
"10.21105/joss.01848","1848",116,82
"10.21105/joss.04594","4594",54,35
"10.21105/joss.05059","5059",67,46
"10.21105/joss.00388","388",30,28
"10.21105/joss.03982","3982",55,32
"10.21105/joss.00754","754",25,19
"10.21105/joss.06150","6150",73,49
"10.21105/joss.05596","5596",82,54
"10.21105/joss.03272","3272",51,33
"10.21105/joss.01298","1298",46,27
"10.21105/joss.00729","729",38,21
"10.21105/joss.04101","4101",66,43
"10.21105/joss.01360","1360",25,12
"10.21105/joss.00786","786",28,20
"10.21105/joss.02111","2111",60,42
"10.21105/joss.01082","1082",72,46
"10.21105/joss.04913","4913",101,68
"10.21105/joss.04706","4706",49,30
"10.21105/joss.00265","265",9,7
"10.21105/joss.05041","5041",106,65
"10.21105/joss.03091","3091",73,46
"10.21105/joss.01643","1643",56,33
"10.21105/joss.05988","5988",59,40
"10.21105/joss.03095","3095",55,34
"10.21105/joss.03537","3537",41,21
"10.21105/joss.00360","360",57,38
"10.21105/joss.05186","5186",71,43
"10.21105/joss.04405","4405",79,55
"10.21105/joss.00188","188",14,12
"10.21105/joss.00893","893",27,20
"10.21105/joss.02706","2706",83,55
"10.21105/joss.00606","606",18,13
"10.21105/joss.02637","2637",52,32
"10.21105/joss.03733","3733",115,89
"10.21105/joss.02676","2676",65,45
"10.21105/joss.00182","182",16,14
"10.21105/joss.00985","985",27,16
"10.21105/joss.01053","1053",86,47
"10.21105/joss.03756","3756",53,33
"10.21105/joss.03351","3351",52,36
"10.21105/joss.01340","1340",82,57
"10.21105/joss.02462","2462",40,23
"10.21105/joss.01260","1260",48,33
"10.21105/joss.03002","3002",69,47
"10.21105/joss.00028","28",25,25
"10.21105/joss.00445","445",70,47
"10.21105/joss.03618","3618",116,84
"10.21105/joss.02842","2842",63,44
"10.21105/joss.00307","307",26,24
"10.21105/joss.00258","258",6,5
"10.21105/joss.00142","142",17,15
"10.21105/joss.01704","1704",55,29
"10.21105/joss.03374","3374",49,29
"10.21105/joss.02079","2079",43,27
"10.21105/joss.02797","2797",14,7
"10.21105/joss.02555","2555",155,122
"10.21105/joss.05182","5182",101,72
"10.21105/joss.00910","910",23,14
"10.21105/joss.05756","5756",81,49
"10.21105/joss.06393","6393",57,40
"10.21105/joss.06309","6309",92,58
"10.21105/joss.01181","1181",20,10
"10.21105/joss.03811","3811",85,62
"10.21105/joss.00512","512",14,9
"10.21105/joss.05238","5238",60,34
"10.21105/joss.03661","3661",52,31
"10.21105/joss.01269","1269",58,40
"10.21105/joss.01056","1056",36,19
"10.21105/joss.05781","5781",75,46
"10.21105/joss.03900","3900",19,6
"10.21105/joss.04279","4279",101,65
"10.21105/joss.02083","2083",53,39
"10.21105/joss.03191","3191",53,31
"10.21105/joss.03424","3424",84,56
"10.21105/joss.00541","541",18,13
"10.21105/joss.03495","3495",38,20
"10.21105/joss.03677","3677",43,25
"10.21105/joss.04694","4694",72,47
"10.21105/joss.00215","215",14,12
"10.21105/joss.03000","3000",76,50
"10.21105/joss.00475","475",16,12
"10.21105/joss.03484","3484",50,31
"10.21105/joss.02769","2769",127,94
"10.21105/joss.02810","2810",39,23
"10.21105/joss.00244","244",17,15
"10.21105/joss.03221","3221",57,36
"10.21105/joss.01191","1191",37,24
"10.21105/joss.01364","1364",39,18
"10.21105/joss.03190","3190",122,85
"10.21105/joss.02685","2685",77,57
"10.21105/joss.00119","119",18,15
"10.21105/joss.01592","1592",87,60
"10.21105/joss.02762","2762",26,13
"10.21105/joss.00365","365",19,17
"10.21105/joss.05810","5810",49,29
"10.21105/joss.03876","3876",34,18
"10.21105/joss.02946","2946",90,47
"10.21105/joss.05395","5395",240,202
"10.21105/joss.02871","2871",56,41
"10.21105/joss.05322","5322",45,25
"10.21105/joss.00787","787",111,63
"10.21105/joss.00898","898",59,42
"10.21105/joss.05982","5982",66,43
"10.21105/joss.01069","1069",45,27
"10.21105/joss.00064","64",54,51
"10.21105/joss.04251","4251",73,49
"10.21105/joss.06139","6139",97,69
"10.21105/joss.01880","1880",22,11
"10.21105/joss.05337","5337",61,35
"10.21105/joss.01102","1102",16,6
"10.21105/joss.02992","2992",96,59
"10.21105/joss.01098","1098",24,12
"10.21105/joss.00055","55",74,70
"10.21105/joss.04590","4590",51,34
"10.21105/joss.01160","1160",68,33
"10.21105/joss.01831","1831",88,50
"10.21105/joss.06394","6394",113,82
"10.21105/joss.05466","5466",63,38
"10.21105/joss.06683","6683",86,51
"10.21105/joss.03724","3724",92,62
"10.21105/joss.01986","1986",40,23
"10.21105/joss.01531","1531",109,71
"10.21105/joss.00961","961",35,20
"10.21105/joss.00141","141",13,11
"10.21105/joss.01764","1764",58,41
"10.21105/joss.01520","1520",40,23
"10.21105/joss.02824","2824",81,55
"10.21105/joss.03504","3504",55,35
"10.21105/joss.00820","820",62,48
"10.21105/joss.06532","6532",79,55
"10.21105/joss.04563","4563",74,46
"10.21105/joss.03324","3324",70,42
"10.21105/joss.00372","372",30,28
"10.21105/joss.03653","3653",60,34
"10.21105/joss.04736","4736",109,77
"10.21105/joss.00966","966",49,36
"10.21105/joss.00785","785",100,64
"10.21105/joss.01776","1776",71,38
"10.21105/joss.02402","2402",81,56
"10.21105/joss.00854","854",21,13
"10.21105/joss.03199","3199",62,36
"10.21105/joss.03821","3821",109,71
"10.21105/joss.02382","2382",81,60
"10.21105/joss.03202","3202",109,64
"10.21105/joss.06200","6200",49,26
"10.21105/joss.02160","2160",56,35
"10.21105/joss.01209","1209",75,62
"10.21105/joss.01094","1094",105,65
"10.21105/joss.00341","341",21,19
"10.21105/joss.01722","1722",70,38
"10.21105/joss.01327","1327",56,37
"10.21105/joss.01171","1171",82,60
"10.21105/joss.02407","2407",110,82
"10.21105/joss.02377","2377",105,84
"10.21105/joss.02535","2535",56,38
"10.21105/joss.03173","3173",77,48
"10.21105/joss.02050","2050",62,37
"10.21105/joss.05358","5358",82,47
"10.21105/joss.00501","501",26,18
"10.21105/joss.01240","1240",56,29
"10.21105/joss.06073","6073",49,35
"10.21105/joss.00967","967",37,29
"10.21105/joss.02007","2007",72,45
"10.21105/joss.05961","5961",62,43
"10.21105/joss.06260","6260",75,47
"10.21105/joss.04115","4115",93,58
"10.21105/joss.06191","6191",69,47
"10.21105/joss.01425","1425",91,54
"10.21105/joss.05580","5580",87,65
"10.21105/joss.01655","1655",81,57
"10.21105/joss.03708","3708",70,46
"10.21105/joss.00167","167",18,15
"10.21105/joss.06021","6021",57,30
"10.21105/joss.01684","1684",118,89
"10.21105/joss.03022","3022",61,34
"10.21105/joss.01811","1811",101,54
"10.21105/joss.03497","3497",66,39
"10.21105/joss.06725","6725",70,48
"10.21105/joss.06084","6084",66,44
"10.21105/joss.01674","1674",78,45
"10.21105/joss.02578","2578",81,64
"10.21105/joss.05350","5350",93,66
"10.21105/joss.06411","6411",73,42
"10.21105/joss.06159","6159",62,40
"10.21105/joss.03042","3042",62,36
"10.21105/joss.01337","1337",70,48
"10.21105/joss.06310","6310",73,45
"10.21105/joss.00988","988",50,25
"10.21105/joss.03725","3725",82,53
"10.21105/joss.03166","3166",86,46
"10.21105/joss.02419","2419",28,15
"10.21105/joss.01216","1216",45,27
"10.21105/joss.00657","657",40,27
"10.21105/joss.00965","965",31,18
"10.21105/joss.06187","6187",72,48
"10.21105/joss.03169","3169",73,48
"10.21105/joss.00204","204",13,11
"10.21105/joss.00124","124",45,43
"10.21105/joss.00735","735",21,16
"10.21105/joss.03635","3635",72,48
"10.21105/joss.00352","352",20,18
"10.21105/joss.00812","812",43,33
"10.21105/joss.01351","1351",72,49
"10.21105/joss.04053","4053",72,41
"10.21105/joss.00248","248",13,10
"10.21105/joss.01358","1358",85,47
"10.21105/joss.03145","3145",52,33
"10.21105/joss.05184","5184",75,51
"10.21105/joss.00165","165",41,32
"10.21105/joss.00827","827",38,23
"10.21105/joss.00592","592",30,21
"10.21105/joss.03175","3175",71,53
"10.21105/joss.02063","2063",85,63
"10.21105/joss.06318","6318",79,48
"10.21105/joss.01265","1265",36,21
"10.21105/joss.06712","6712",59,37
"10.21105/joss.03897","3897",82,45
"10.21105/joss.00521","521",12,7
"10.21105/joss.02451","2451",57,38
"10.21105/joss.04333","4333",125,92
"10.21105/joss.04397","4397",62,42
"10.21105/joss.04416","4416",133,84
"10.21105/joss.04752","4752",74,51
"10.21105/joss.04207","4207",75,45
"10.21105/joss.05649","5649",119,85
"10.21105/joss.05550","5550",91,72
"10.21105/joss.05202","5202",82,62
"10.21105/joss.05446","5446",68,47
"10.21105/joss.05582","5582",54,33
"10.21105/joss.05496","5496",54,31
"10.21105/joss.05562","5562",81,56
"10.21105/joss.05289","5289",27,11
"10.21105/joss.05671","5671",78,49
"10.21105/joss.05593","5593",47,25
"10.21105/joss.05335","5335",64,41
"10.21105/joss.05373","5373",85,61
"10.21105/joss.05476","5476",69,45
"10.21105/joss.05510","5510",88,58
"10.21105/joss.05842","5842",69,42
"10.21105/joss.05255","5255",62,37
"10.21105/joss.04890","4890",88,56
"10.21105/joss.05226","5226",59,37
"10.21105/joss.04898","4898",84,53
"10.21105/joss.04955","4955",65,39
"10.21105/joss.05408","5408",58,35
"10.21105/joss.05443","5443",55,35
"10.21105/joss.00011","11",36,32
"10.21105/joss.00548","548",40,25
"10.21105/joss.04012","4012",61,36
"10.21105/joss.04056","4056",88,59
"10.21105/joss.04052","4052",152,117
"10.21105/joss.05885","5885",30,12
"10.21105/joss.03743","3743",115,81
"10.21105/joss.03920","3920",78,55
"10.21105/joss.04206","4206",80,46
"10.21105/joss.04433","4433",45,30
"10.21105/joss.04589","4589",53,33
"10.21105/joss.04211","4211",79,59
"10.21105/joss.04989","4989",162,126
"10.21105/joss.04364","4364",49,31
"10.21105/joss.04882","4882",68,50
"10.21105/joss.04807","4807",65,41
"10.21105/joss.04492","4492",66,45
"10.21105/joss.04741","4741",62,39
"10.21105/joss.05116","5116",85,56
"10.21105/joss.04755","4755",88,60
"10.21105/joss.04560","4560",70,47
"10.21105/joss.04871","4871",62,40
"10.21105/joss.05259","5259",73,42
"10.21105/joss.04237","4237",83,51
"10.21105/joss.04360","4360",36,20
"10.21105/joss.04327","4327",71,51
"10.21105/joss.04417","4417",45,26
"10.21105/joss.04418","4418",71,48
"10.21105/joss.04443","4443",74,51
"10.21105/joss.03444","3444",82,57
"10.21105/joss.03671","3671",63,42
"10.21105/joss.03496","3496",120,83
"10.21105/joss.03124","3124",76,57
"10.21105/joss.03125","3125",72,48
"10.21105/joss.05881","5881",106,66
"10.21105/joss.05025","5025",107,82
"10.21105/joss.06322","6322",83,59
"10.21105/joss.02675","2675",82,53
"10.21105/joss.01313","1313",40,23
"10.21105/joss.02624","2624",51,29
"10.21105/joss.05198","5198",39,21
"10.21105/joss.06467","6467",86,60
"10.21105/joss.04439","4439",94,58
"10.21105/joss.01071","1071",48,31
"10.21105/joss.06634","6634",86,53
"10.21105/joss.04693","4693",85,58
"10.21105/joss.06203","6203",56,30
"10.21105/joss.03864","3864",75,46
"10.21105/joss.01911","1911",41,23
"10.21105/joss.01119","1119",72,46
"10.21105/joss.02484","2484",117,87
"10.21105/joss.01700","1700",67,34
"10.21105/joss.02122","2122",51,37
"10.21105/joss.00876","876",58,47
"10.21105/joss.06336","6336",67,44
"10.21105/joss.02095","2095",102,81
"10.21105/joss.02102","2102",44,29
"10.21105/joss.05974","5974",68,41
"10.21105/joss.02968","2968",51,30
"10.21105/joss.06244","6244",61,40
"10.21105/joss.01768","1768",60,38
"10.21105/joss.06451","6451",73,49
"10.21105/joss.06448","6448",60,35
"10.21105/joss.00781","781",51,34
"10.21105/joss.06027","6027",70,46
"10.21105/joss.02721","2721",76,52
"10.21105/joss.02538","2538",96,61
"10.21105/joss.00651","651",28,20
"10.21105/joss.06154","6154",53,33
"10.21105/joss.05711","5711",82,51
"10.21105/joss.03311","3311",121,85
"10.21105/joss.00267","267",23,21
"10.21105/joss.06270","6270",90,54
"10.21105/joss.02185","2185",76,60
"10.21105/joss.06277","6277",60,35
"10.21105/joss.06189","6189",64,40
"10.21105/joss.04771","4771",88,61
"10.21105/joss.02765","2765",93,62
"10.21105/joss.01256","1256",72,44
"10.21105/joss.03159","3159",57,35
"10.21105/joss.00457","457",48,33
"10.21105/joss.06241","6241",115,80
"10.21105/joss.00497","497",40,33
"10.21105/joss.05115","5115",63,41
"10.21105/joss.02869","2869",154,100
"10.21105/joss.01043","1043",134,81
"10.21105/joss.05497","5497",88,66
"10.21105/joss.01931","1931",44,27
"10.21105/joss.03073","3073",29,15
"10.21105/joss.02004","2004",67,51
"10.21105/joss.01317","1317",74,47
"10.21105/joss.02104","2104",41,28
"10.21105/joss.00293","293",18,15
"10.21105/joss.00431","431",13,11
"10.21105/joss.06096","6096",49,29
"10.21105/joss.02564","2564",70,46
"10.21105/joss.05319","5319",50,26
"10.21105/joss.03041","3041",85,58
"10.21105/joss.00401","401",15,13
"10.21105/joss.03676","3676",73,51
"10.21105/joss.03622","3622",66,43
"10.21105/joss.01884","1884",48,26
"10.21105/joss.05563","5563",87,58
"10.21105/joss.05618","5618",109,83
"10.21105/joss.00171","171",12,9
"10.21105/joss.01820","1820",95,49
"10.21105/joss.00707","707",47,35
"10.21105/joss.02945","2945",120,72
"10.21105/joss.05495","5495",67,39
"10.21105/joss.03781","3781",54,32
"10.21105/joss.03482","3482",83,54
"10.21105/joss.04135","4135",73,46
"10.21105/joss.01272","1272",63,37
"10.21105/joss.01539","1539",68,35
"10.21105/joss.00417","417",12,10
"10.21105/joss.00384","384",24,21
"10.21105/joss.00054","54",12,12
"10.21105/joss.05380","5380",71,47
"10.21105/joss.03544","3544",54,23
"10.21105/joss.04588","4588",56,36
"10.21105/joss.04471","4471",52,28
"10.21105/joss.05450","5450",62,41
"10.21105/joss.02272","2272",71,45
"10.21105/joss.05136","5136",65,47
"10.21105/joss.00448","448",42,37
"10.21105/joss.01821","1821",72,45
"10.21105/joss.01081","1081",78,42
"10.21105/joss.05087","5087",58,35
"10.21105/joss.04958","4958",76,50
"10.21105/joss.03827","3827",42,23
"10.21105/joss.02576","2576",51,35
"10.21105/joss.06388","6388",83,48
"10.21105/joss.05517","5517",58,36
"10.21105/joss.05305","5305",92,57
"10.21105/joss.06097","6097",73,45
"10.21105/joss.01943","1943",52,36
"10.21105/joss.05603","5603",55,33
"10.21105/joss.01663","1663",71,54
"10.21105/joss.06017","6017",113,84
"10.21105/joss.02347","2347",63,41
"10.21105/joss.00661","661",32,19
"10.21105/joss.05266","5266",83,63
"10.21105/joss.01399","1399",40,23
"10.21105/joss.04362","4362",91,63
"10.21105/joss.06504","6504",47,32
"10.21105/joss.01732","1732",90,58
"10.21105/joss.04815","4815",95,69
"10.21105/joss.00357","357",24,22
"10.21105/joss.02410","2410",80,57
"10.21105/joss.06492","6492",85,63
"10.21105/joss.04277","4277",132,105
"10.21105/joss.02704","2704",87,64
"10.21105/joss.01731","1731",107,54
"10.21105/joss.00937","937",33,22
"10.21105/joss.05220","5220",78,49
"10.21105/joss.06720","6720",71,50
"10.21105/joss.02363","2363",112,87
"10.21105/joss.02965","2965",70,45
"10.21105/joss.00565","565",43,28
"10.21105/joss.03236","3236",63,40
"10.21105/joss.01798","1798",85,45
"10.21105/joss.06830","6830",82,52
"10.21105/joss.06016","6016",121,90
"10.21105/joss.03727","3727",139,100
"10.21105/joss.02289","2289",65,46
"10.21105/joss.00905","905",34,21
"10.21105/joss.01485","1485",120,55
"10.21105/joss.03419","3419",87,54
"10.21105/joss.01773","1773",50,25
"10.21105/joss.00613","613",25,15
"10.21105/joss.00659","659",26,21
"10.21105/joss.03702","3702",61,34
"10.21105/joss.04912","4912",79,59
"10.21105/joss.04366","4366",104,80
"10.21105/joss.03844","3844",54,30
"10.21105/joss.00860","860",43,26
"10.21105/joss.00433","433",37,32
"10.21105/joss.01606","1606",44,22
"10.21105/joss.02607","2607",34,18
"10.21105/joss.00082","82",41,41
"10.21105/joss.00990","990",81,50
"10.21105/joss.00753","753",33,24
"10.21105/joss.03097","3097",59,35
"10.21105/joss.00027","27",17,17
"10.21105/joss.03349","3349",89,64
"10.21105/joss.01825","1825",82,51
"10.21105/joss.00745","745",33,24
"10.21105/joss.01035","1035",20,8
"10.21105/joss.04414","4414",84,55
"10.21105/joss.06143","6143",62,42
"10.21105/joss.04901","4901",53,34
"10.21105/joss.01008","1008",34,21
"10.21105/joss.01023","1023",66,38
"10.21105/joss.01566","1566",80,45
"10.21105/joss.00765","765",17,12
"10.21105/joss.04574","4574",84,59
"10.21105/joss.03294","3294",71,35
"10.21105/joss.00974","974",39,27
"10.21105/joss.01247","1247",36,21
"10.21105/joss.02259","2259",51,29
"10.21105/joss.00464","464",35,28
"10.21105/joss.02696","2696",66,46
"10.21105/joss.01572","1572",35,23
"10.21105/joss.04567","4567",117,82
"10.21105/joss.01285","1285",54,30
"10.21105/joss.01627","1627",16,6
"10.21105/joss.02352","2352",193,121
"10.21105/joss.01450","1450",83,48
"10.21105/joss.00717","717",56,46
"10.21105/joss.02305","2305",53,33
"10.21105/joss.04774","4774",43,22
"10.21105/joss.01237","1237",92,62
"10.21105/joss.03331","3331",130,98
"10.21105/joss.02505","2505",58,35
"10.21105/joss.00897","897",34,24
"10.21105/joss.02598","2598",77,55
"10.21105/joss.03447","3447",51,32
"10.21105/joss.03651","3651",47,28
"10.21105/joss.00361","361",27,22
"10.21105/joss.02916","2916",37,19
"10.21105/joss.03723","3723",83,44
"10.21105/joss.01306","1306",66,41
"10.21105/joss.00137","137",12,8
"10.21105/joss.06158","6158",47,31
"10.21105/joss.00040","40",23,23
"10.21105/joss.02043","2043",78,52
"10.21105/joss.00306","306",27,23
"10.21105/joss.02498","2498",85,67
"10.21105/joss.03435","3435",78,40
"10.21105/joss.01469","1469",59,39
"10.21105/joss.03557","3557",41,21
"10.21105/joss.03842","3842",120,78
"10.21105/joss.01505","1505",66,40
"10.21105/joss.03398","3398",73,47
"10.21105/joss.00232","232",11,9
"10.21105/joss.01777","1777",77,45
"10.21105/joss.00202","202",13,11
"10.21105/joss.02827","2827",46,33
"10.21105/joss.01578","1578",75,49
"10.21105/joss.00075","75",5,5
"10.21105/joss.03556","3556",74,50
"10.21105/joss.03460","3460",38,22
"10.21105/joss.01349","1349",112,68
"10.21105/joss.01363","1363",89,42
"10.21105/joss.00523","523",35,27
"10.21105/joss.05083","5083",56,36
"10.21105/joss.05206","5206",51,34
"10.21105/joss.05363","5363",41,23
"10.21105/joss.05403","5403",85,51
"10.21105/joss.05015","5015",69,47
"10.21105/joss.04977","4977",79,52
"10.21105/joss.06031","6031",69,40
"10.21105/joss.04061","4061",60,39
"10.21105/joss.04100","4100",98,64
"10.21105/joss.03632","3632",99,71
"10.21105/joss.03849","3849",107,60
"10.21105/joss.03852","3852",107,73
"10.21105/joss.03957","3957",61,34
"10.21105/joss.03896","3896",144,104
"10.21105/joss.05778","5778",47,28
"10.21105/joss.05621","5621",78,52
"10.21105/joss.05444","5444",62,44
"10.21105/joss.05564","5564",63,38
"10.21105/joss.05612","5612",81,53
"10.21105/joss.05573","5573",39,25
"10.21105/joss.05763","5763",53,30
"10.21105/joss.04773","4773",72,43
"10.21105/joss.04556","4556",118,86
"10.21105/joss.05345","5345",114,84
"10.21105/joss.05161","5161",83,53
"10.21105/joss.05670","5670",71,43
"10.21105/joss.05586","5586",43,24
"10.21105/joss.05654","5654",70,45
"10.21105/joss.05410","5410",46,24
"10.21105/joss.05418","5418",40,21
"10.21105/joss.05422","5422",72,50
"10.21105/joss.04894","4894",69,45
"10.21105/joss.05017","5017",99,74
"10.21105/joss.04516","4516",55,37
"10.21105/joss.04562","4562",54,34
"10.21105/joss.04607","4607",68,43
"10.21105/joss.04943","4943",59,36
"10.21105/joss.04822","4822",61,37
"10.21105/joss.04337","4337",43,26
"10.21105/joss.04343","4343",50,27
"10.21105/joss.04212","4212",74,52
"10.21105/joss.04354","4354",89,63
"10.21105/joss.05581","5581",56,39
"10.21105/joss.05142","5142",126,87
"10.21105/joss.05183","5183",50,31
"10.21105/joss.05402","5402",63,45
"10.21105/joss.05728","5728",44,27
"10.21105/joss.05989","5989",74,45
"10.21105/joss.02340","2340",82,52
"10.21105/joss.04851","4851",56,34
"10.21105/joss.04852","4852",77,49
"10.21105/joss.04569","4569",97,69
"10.21105/joss.04763","4763",104,75
"10.21105/joss.04140","4140",78,41
"10.21105/joss.04480","4480",80,60
"10.21105/joss.04566","4566",57,37
"10.21105/joss.04628","4628",75,45
"10.21105/joss.04738","4738",57,32
"10.21105/joss.04236","4236",50,34
"10.21105/joss.04075","4075",96,59
"10.21105/joss.04377","4377",92,60
"10.21105/joss.05791","5791",76,53
"10.21105/joss.00981","981",48,35
"10.21105/joss.06317","6317",49,30
"10.21105/joss.05925","5925",99,62
"10.21105/joss.03127","3127",45,27
"10.21105/joss.03465","3465",129,101
"10.21105/joss.00207","207",21,18
"10.21105/joss.02964","2964",63,39
"10.21105/joss.01076","1076",51,34
"10.21105/joss.01488","1488",38,22
"10.21105/joss.02107","2107",69,46
"10.21105/joss.02171","2171",132,87
"10.21105/joss.00209","209",15,13
"10.21105/joss.00826","826",36,29
"10.21105/joss.01286","1286",70,42
"10.21105/joss.00581","581",23,18
"10.21105/joss.06711","6711",42,24
"10.21105/joss.03224","3224",52,33
"10.21105/joss.02556","2556",55,36
"10.21105/joss.02293","2293",93,62
"10.21105/joss.01628","1628",54,32
"10.21105/joss.02606","2606",61,42
"10.21105/joss.05148","5148",68,41
"10.21105/joss.02497","2497",135,104
"10.21105/joss.02863","2863",154,109
"10.21105/joss.04448","4448",57,33
"10.21105/joss.01486","1486",78,42
"10.21105/joss.01083","1083",75,54
"10.21105/joss.02177","2177",90,71
"10.21105/joss.02801","2801",39,20
"10.21105/joss.00550","550",9,4
"10.21105/joss.06574","6574",77,49
"10.21105/joss.02673","2673",87,60
"10.21105/joss.04460","4460",84,54
"10.21105/joss.04432","4432",49,31
"10.21105/joss.01824","1824",69,43
"10.21105/joss.03500","3500",41,23
"10.21105/joss.06202","6202",99,69
"10.21105/joss.06424","6424",61,39
"10.21105/joss.00924","924",43,32
"10.21105/joss.01683","1683",68,42
"10.21105/joss.00371","371",16,14
"10.21105/joss.01629","1629",55,32
"10.21105/joss.02693","2693",89,62
"10.21105/joss.02473","2473",72,52
"10.21105/joss.02183","2183",52,37
"10.21105/joss.00430","430",20,17
"10.21105/joss.00674","674",23,18
"10.21105/joss.01555","1555",70,52
"10.21105/joss.06236","6236",65,43
"10.21105/joss.06358","6358",96,72
"10.21105/joss.00855","855",63,43
"10.21105/joss.01239","1239",64,37
"10.21105/joss.02831","2831",118,81
"10.21105/joss.01255","1255",50,32
"10.21105/joss.01072","1072",39,22
"10.21105/joss.01087","1087",88,52
"10.21105/joss.00639","639",52,41
"10.21105/joss.01983","1983",45,27
"10.21105/joss.02878","2878",60,44
"10.21105/joss.04808","4808",82,55
"10.21105/joss.02654","2654",34,20
"10.21105/joss.00764","764",58,42
"10.21105/joss.04383","4383",49,31
"10.21105/joss.03541","3541",90,64
"10.21105/joss.02826","2826",68,42
"10.21105/joss.00411","411",5,3
"10.21105/joss.05737","5737",61,39
"10.21105/joss.05118","5118",108,72
"10.21105/joss.03237","3237",64,35
"10.21105/joss.05415","5415",54,36
"10.21105/joss.01316","1316",31,16
"10.21105/joss.02763","2763",68,40
"10.21105/joss.01173","1173",109,74
"10.21105/joss.03389","3389",88,50
"10.21105/joss.01435","1435",95,65
"10.21105/joss.03783","3783",60,35
"10.21105/joss.02291","2291",120,91
"10.21105/joss.02026","2026",41,26
"10.21105/joss.00256","256",12,10
"10.21105/joss.00412","412",14,11
"10.21105/joss.05819","5819",79,51
"10.21105/joss.05566","5566",102,77
"10.21105/joss.00038","38",35,33
"10.21105/joss.02744","2744",67,50
"10.21105/joss.01018","1018",44,24
"10.21105/joss.02400","2400",57,43
"10.21105/joss.02044","2044",78,56
"10.21105/joss.03296","3296",87,61
"10.21105/joss.01130","1130",36,20
"10.21105/joss.00670","670",28,21
"10.21105/joss.01172","1172",67,39
"10.21105/joss.00458","458",69,56
"10.21105/joss.06210","6210",60,34
"10.21105/joss.05883","5883",60,37
"10.21105/joss.05278","5278",53,31
"10.21105/joss.01065","1065",78,46
"10.21105/joss.00296","296",9,7
"10.21105/joss.00598","598",39,30
"10.21105/joss.02173","2173",42,28
"10.21105/joss.04654","4654",50,30
"10.21105/joss.04650","4650",61,37
"10.21105/joss.05388","5388",92,69
"10.21105/joss.00146","146",40,37
"10.21105/joss.03418","3418",81,63
"10.21105/joss.01761","1761",49,29
"10.21105/joss.01124","1124",50,31
"10.21105/joss.03330","3330",180,127
"10.21105/joss.03347","3347",70,42
"10.21105/joss.02690","2690",70,42
"10.21105/joss.03948","3948",58,37
"10.21105/joss.02028","2028",27,15
"10.21105/joss.01609","1609",87,61
"10.21105/joss.02766","2766",107,75
"10.21105/joss.01462","1462",69,34
"10.21105/joss.02362","2362",84,68
"10.21105/joss.02101","2101",94,80
"10.21105/joss.01002","1002",44,27
"10.21105/joss.00558","558",46,35
"10.21105/joss.02678","2678",51,31
"10.21105/joss.01047","1047",151,118
"10.21105/joss.03153","3153",46,28
"10.21105/joss.02581","2581",38,22
"10.21105/joss.02169","2169",57,39
"10.21105/joss.05966","5966",60,40
"10.21105/joss.05872","5872",57,36
"10.21105/joss.01423","1423",93,47
"10.21105/joss.02076","2076",43,23
"10.21105/joss.01870","1870",56,34
"10.21105/joss.00426","426",55,53
"10.21105/joss.05901","5901",86,61
"10.21105/joss.00955","955",39,27
"10.21105/joss.01451","1451",62,34
"10.21105/joss.01331","1331",60,33
"10.21105/joss.06066","6066",61,39
"10.21105/joss.01322","1322",79,41
"10.21105/joss.03115","3115",59,37
"10.21105/joss.00980","980",75,40
"10.21105/joss.06371","6371",77,48
"10.21105/joss.04070","4070",60,34
"10.21105/joss.04528","4528",72,45
"10.21105/joss.06617","6617",88,57
"10.21105/joss.04623","4623",58,37
"10.21105/joss.01112","1112",69,43
"10.21105/joss.03055","3055",99,64
"10.21105/joss.03601","3601",56,36
"10.21105/joss.03695","3695",50,30
"10.21105/joss.00289","289",31,29
"10.21105/joss.01745","1745",51,27
"10.21105/joss.01468","1468",96,66
"10.21105/joss.00354","354",23,19
"10.21105/joss.03212","3212",119,90
"10.21105/joss.06714","6714",96,66
"10.21105/joss.00699","699",21,16
"10.21105/joss.01185","1185",80,50
"10.21105/joss.01414","1414",91,53
"10.21105/joss.03467","3467",90,65
"10.21105/joss.00087","87",15,12
"10.21105/joss.02461","2461",74,51
"10.21105/joss.00739","739",18,13
"10.21105/joss.04388","4388",24,11
"10.21105/joss.00721","721",8,3
"10.21105/joss.05610","5610",88,61
"10.21105/joss.06418","6418",106,81
"10.21105/joss.02876","2876",78,50
"10.21105/joss.03838","3838",125,86
"10.21105/joss.00899","899",48,35
"10.21105/joss.05903","5903",74,46
"10.21105/joss.06120","6120",49,30
"10.21105/joss.01969","1969",101,77
"10.21105/joss.00489","489",58,38
"10.21105/joss.00711","711",56,41
"10.21105/joss.02526","2526",69,44
"10.21105/joss.00741","741",55,45
"10.21105/joss.04817","4817",55,33
"10.21105/joss.04962","4962",72,49
"10.21105/joss.05234","5234",65,48
"10.21105/joss.01445","1445",43,31
"10.21105/joss.02182","2182",147,88
"10.21105/joss.02105","2105",39,23
"10.21105/joss.01818","1818",70,43
"10.21105/joss.04953","4953",55,30
"10.21105/joss.03666","3666",77,56
"10.21105/joss.02989","2989",59,38
"10.21105/joss.01148","1148",49,30
"10.21105/joss.00815","815",24,17
"10.21105/joss.06170","6170",65,39
"10.21105/joss.03203","3203",78,51
"10.21105/joss.06359","6359",61,41
"10.21105/joss.00061","61",45,40
"10.21105/joss.06181","6181",73,43
"10.21105/joss.05448","5448",122,95
"10.21105/joss.00041","41",34,29
"10.21105/joss.00692","692",48,33
"10.21105/joss.01706","1706",79,47
"10.21105/joss.03951","3951",55,29
"10.21105/joss.06058","6058",63,38
"10.21105/joss.01352","1352",50,29
"10.21105/joss.00973","973",57,38
"10.21105/joss.00818","818",36,23
"10.21105/joss.01751","1751",60,37
"10.21105/joss.01042","1042",82,66
"10.21105/joss.01613","1613",113,74
"10.21105/joss.00584","584",38,26
"10.21105/joss.00031","31",26,26
"10.21105/joss.00814","814",22,17
"10.21105/joss.01295","1295",104,68
"10.21105/joss.05594","5594",83,62
"10.21105/joss.04737","4737",43,24
"10.21105/joss.04532","4532",106,76
"10.21105/joss.06716","6716",47,22
"10.21105/joss.04971","4971",63,42
"10.21105/joss.04564","4564",58,40
"10.21105/joss.02952","2952",60,38
"10.21105/joss.01292","1292",62,35
"10.21105/joss.00118","118",20,18
"10.21105/joss.04555","4555",92,67
"10.21105/joss.00617","617",36,31
"10.21105/joss.05197","5197",60,37
"10.21105/joss.01651","1651",69,42
"10.21105/joss.00016","16",15,15
"10.21105/joss.00331","331",38,36
"10.21105/joss.02250","2250",41,21
"10.21105/joss.00107","107",20,18
"10.21105/joss.06227","6227",52,32
"10.21105/joss.03455","3455",59,35
"10.21105/joss.06426","6426",62,43
"10.21105/joss.00374","374",21,17
"10.21105/joss.00545","545",21,16
"10.21105/joss.04753","4753",77,51
"10.21105/joss.05771","5771",87,61
"10.21105/joss.05150","5150",66,44
"10.21105/joss.01278","1278",85,50
"10.21105/joss.04452","4452",52,35
"10.21105/joss.03074","3074",58,35
"10.21105/joss.01115","1115",24,15
"10.21105/joss.03050","3050",75,44
"10.21105/joss.00848","848",20,13
"10.21105/joss.02879","2879",60,42
"10.21105/joss.02817","2817",68,44
"10.21105/joss.01958","1958",90,63
"10.21105/joss.05623","5623",84,64
"10.21105/joss.05480","5480",77,49
"10.21105/joss.06294","6294",98,72
"10.21105/joss.05057","5057",68,44
"10.21105/joss.05668","5668",124,86
"10.21105/joss.06296","6296",92,62
"10.21105/joss.04869","4869",63,40
"10.21105/joss.03958","3958",49,26
"10.21105/joss.00530","530",23,16
"10.21105/joss.02342","2342",61,44
"10.21105/joss.05098","5098",91,63
"10.21105/joss.06226","6226",91,60
"10.21105/joss.03298","3298",35,19
"10.21105/joss.01426","1426",57,32
"10.21105/joss.06695","6695",61,41
"10.21105/joss.06323","6323",76,53
"10.21105/joss.00051","51",11,11
"10.21105/joss.03397","3397",50,30
"10.21105/joss.02412","2412",40,23
"10.21105/joss.03009","3009",65,45
"10.21105/joss.04021","4021",89,55
"10.21105/joss.00032","32",30,30
"10.21105/joss.02825","2825",62,39
"10.21105/joss.03646","3646",66,42
"10.21105/joss.01891","1891",67,39
"10.21105/joss.02890","2890",88,59
"10.21105/joss.06473","6473",76,50
"10.21105/joss.06536","6536",79,53
"10.21105/joss.03642","3642",91,51
"10.21105/joss.06390","6390",63,38
"10.21105/joss.04032","4032",62,35
"10.21105/joss.06157","6157",63,43
"10.21105/joss.04930","4930",57,38
"10.21105/joss.04060","4060",38,17
"10.21105/joss.04517","4517",77,44
"10.21105/joss.04180","4180",71,48
"10.21105/joss.02927","2927",55,28
"10.21105/joss.01763","1763",48,30
"10.21105/joss.02447","2447",64,44
"10.21105/joss.00172","172",11,9
"10.21105/joss.06491","6491",60,37
"10.21105/joss.06599","6599",85,59
"10.21105/joss.01941","1941",66,45
"10.21105/joss.05320","5320",57,34
"10.21105/joss.01441","1441",140,112
"10.21105/joss.00877","877",32,23
"10.21105/joss.00427","427",13,10
"10.21105/joss.00472","472",57,38
"10.21105/joss.02783","2783",64,41
"10.21105/joss.05561","5561",81,55
"10.21105/joss.00222","222",16,14
"10.21105/joss.05866","5866",54,36
"10.21105/joss.06433","6433",65,38
"10.21105/joss.00597","597",25,16
"10.21105/joss.05526","5526",82,55
"10.21105/joss.04304","4304",70,47
"10.21105/joss.05703","5703",61,34
"10.21105/joss.01511","1511",75,48
"10.21105/joss.06593","6593",44,24
"10.21105/joss.03118","3118",80,52
"10.21105/joss.00407","407",51,48
"10.21105/joss.01866","1866",114,81
"10.21105/joss.00557","557",19,11
"10.21105/joss.05956","5956",83,55
"10.21105/joss.06293","6293",54,34
"10.21105/joss.01210","1210",69,44
"10.21105/joss.02089","2089",65,41
"10.21105/joss.04723","4723",73,42
"10.21105/joss.00934","934",60,43
"10.21105/joss.01830","1830",88,59
"10.21105/joss.00063","63",27,26
"10.21105/joss.01886","1886",20,9
"10.21105/joss.04335","4335",59,38
"10.21105/joss.02959","2959",16,5
"10.21105/joss.01944","1944",54,27
"10.21105/joss.01620","1620",69,40
"10.21105/joss.02027","2027",69,51
"10.21105/joss.00870","870",19,11
"10.21105/joss.05853","5853",64,44
"10.21105/joss.01190","1190",44,25
"10.21105/joss.00633","633",8,3
"10.21105/joss.01632","1632",35,21
"10.21105/joss.00803","803",21,16
"10.21105/joss.04370","4370",45,25
"10.21105/joss.01230","1230",128,72
"10.21105/joss.04142","4142",78,43
"10.21105/joss.03887","3887",48,28
"10.21105/joss.02292","2292",64,40
"10.21105/joss.01371","1371",113,72
"10.21105/joss.01204","1204",75,54
"10.21105/joss.00927","927",93,72
"10.21105/joss.03247","3247",72,48
"10.21105/joss.04118","4118",112,81
"10.21105/joss.02232","2232",66,39
"10.21105/joss.01636","1636",74,52
"10.21105/joss.00747","747",48,39
"10.21105/joss.03285","3285",41,25
"10.21105/joss.01221","1221",84,52
"10.21105/joss.01517","1517",95,60
"10.21105/joss.02017","2017",80,56
"10.21105/joss.00957","957",26,21
"10.21105/joss.00177","177",5,3
"10.21105/joss.05994","5994",77,49
"10.21105/joss.05968","5968",64,42
"10.21105/joss.03437","3437",51,27
"10.21105/joss.01570","1570",48,31
"10.21105/joss.03001","3001",85,53
"10.21105/joss.01143","1143",52,33
"10.21105/joss.03201","3201",49,29
"10.21105/joss.00236","236",18,16
"10.21105/joss.01762","1762",120,69
"10.21105/joss.01807","1807",66,44
"10.21105/joss.01867","1867",81,59
"10.21105/joss.01686","1686",101,67
"10.21105/joss.03740","3740",78,44
"10.21105/joss.02175","2175",47,31
"10.21105/joss.00463","463",18,15
"10.21105/joss.00490","490",17,10
"10.21105/joss.03968","3968",107,72
"10.21105/joss.02677","2677",96,68
"10.21105/joss.01299","1299",60,39
"10.21105/joss.04243","4243",69,43
"10.21105/joss.02008","2008",109,77
"10.21105/joss.05454","5454",102,72
"10.21105/joss.02644","2644",81,49
"10.21105/joss.02813","2813",96,60
"10.21105/joss.02341","2341",60,42
"10.21105/joss.00655","655",20,13
"10.21105/joss.03782","3782",49,26
"10.21105/joss.06384","6384",58,34
"10.21105/joss.00749","749",103,75
"10.21105/joss.04968","4968",84,52
"10.21105/joss.06860","6860",25,8
"10.21105/joss.06057","6057",65,42
"10.21105/joss.04045","4045",145,65
"10.21105/joss.03454","3454",57,28
"10.21105/joss.01834","1834",43,28
"10.21105/joss.03519","3519",85,52
"10.21105/joss.00125","125",9,7
"10.21105/joss.00243","243",16,14
"10.21105/joss.02121","2121",96,71
"10.21105/joss.03709","3709",109,87
"10.21105/joss.00624","624",20,15
"10.21105/joss.01418","1418",50,31
"10.21105/joss.01125","1125",56,31
"10.21105/joss.02003","2003",71,47
"10.21105/joss.04899","4899",62,40
"10.21105/joss.04991","4991",80,55
"10.21105/joss.05701","5701",53,30
"10.21105/joss.00886","886",22,15
"10.21105/joss.01109","1109",56,34
"10.21105/joss.02864","2864",53,35
"10.21105/joss.01573","1573",87,52
"10.21105/joss.02732","2732",40,23
"10.21105/joss.04248","4248",58,32
"10.21105/joss.03979","3979",70,44
"10.21105/joss.04232","4232",61,42
"10.21105/joss.03391","3391",71,45
"10.21105/joss.04873","4873",68,43
"10.21105/joss.01774","1774",74,47
"10.21105/joss.00629","629",21,16
"10.21105/joss.02214","2214",62,41
"10.21105/joss.03293","3293",41,20
"10.21105/joss.01407","1407",99,69
"10.21105/joss.00542","542",28,21
"10.21105/joss.05227","5227",56,31
"10.21105/joss.05687","5687",71,41
"10.21105/joss.00111","111",15,13
"10.21105/joss.06127","6127",54,34
"10.21105/joss.05445","5445",157,120
"10.21105/joss.05875","5875",75,52
"10.21105/joss.03609","3609",66,43
"10.21105/joss.01145","1145",27,14
"10.21105/joss.02351","2351",52,37
"10.21105/joss.01146","1146",39,26
"10.21105/joss.06370","6370",64,43
"10.21105/joss.01179","1179",57,32
"10.21105/joss.03045","3045",78,47
"10.21105/joss.06452","6452",78,54
"10.21105/joss.02990","2990",49,32
"10.21105/joss.06495","6495",87,53
"10.21105/joss.03215","3215",57,29
"10.21105/joss.03804","3804",79,49
"10.21105/joss.02663","2663",64,42
"10.21105/joss.03605","3605",57,30
"10.21105/joss.00370","370",13,11
"10.21105/joss.01389","1389",54,30
"10.21105/joss.06525","6525",82,52
"10.21105/joss.01487","1487",109,85
"10.21105/joss.01350","1350",63,36
"10.21105/joss.01473","1473",64,36
"10.21105/joss.01448","1448",48,26
"10.21105/joss.02135","2135",68,44
"10.21105/joss.02392","2392",108,69
"10.21105/joss.01111","1111",64,33
"10.21105/joss.03980","3980",70,44
"10.21105/joss.03061","3061",113,75
"10.21105/joss.03438","3438",45,27
"10.21105/joss.02523","2523",66,49
"10.21105/joss.01336","1336",48,29
"10.21105/joss.00362","362",20,17
"10.21105/joss.02653","2653",99,70
"10.21105/joss.03538","3538",57,36
"10.21105/joss.01385","1385",107,52
"10.21105/joss.02343","2343",101,75
"10.21105/joss.02537","2537",59,40
"10.21105/joss.02917","2917",18,7
"10.21105/joss.04281","4281",59,36
"10.21105/joss.00035","35",15,15
"10.21105/joss.01650","1650",74,41
"10.21105/joss.02855","2855",102,75
"10.21105/joss.02731","2731",57,41
"10.21105/joss.02072","2072",75,53
"10.21105/joss.02670","2670",61,38
"10.21105/joss.01832","1832",103,66
"10.21105/joss.04406","4406",74,48
"10.21105/joss.03540","3540",54,32
"10.21105/joss.01918","1918",63,41
"10.21105/joss.02807","2807",39,25
"10.21105/joss.05571","5571",70,40
"10.21105/joss.05489","5489",58,36
"10.21105/joss.03545","3545",58,32
"10.21105/joss.00291","291",14,12
"10.21105/joss.01208","1208",68,44
"10.21105/joss.00280","280",38,35
"10.21105/joss.00164","164",38,35
"10.21105/joss.00766","766",33,27
"10.21105/joss.02241","2241",70,43
"10.21105/joss.02373","2373",64,40
"10.21105/joss.00678","678",34,23
"10.21105/joss.00454","454",10,8
"10.21105/joss.00863","863",39,32
"10.21105/joss.01642","1642",92,51
"10.21105/joss.00021","21",15,15
"10.21105/joss.00517","517",22,17
"10.21105/joss.06326","6326",65,41
"10.21105/joss.02016","2016",66,49
"10.21105/joss.05465","5465",132,98
"10.21105/joss.02638","2638",65,47
"10.21105/joss.01027","1027",130,99
"10.21105/joss.00791","791",84,61
"10.21105/joss.03395","3395",70,37
"10.21105/joss.03318","3318",108,66
"10.21105/joss.01850","1850",66,34
"10.21105/joss.02506","2506",119,89
"10.21105/joss.06515","6515",63,41
"10.21105/joss.06717","6717",41,18
"10.21105/joss.05751","5751",92,53
"10.21105/joss.03877","3877",59,34
"10.21105/joss.04705","4705",63,39
"10.21105/joss.02384","2384",67,43
"10.21105/joss.04284","4284",63,41
"10.21105/joss.00260","260",16,14
"10.21105/joss.01225","1225",97,71
"10.21105/joss.01159","1159",44,22
"10.21105/joss.03376","3376",52,33
"10.21105/joss.01400","1400",65,44
"10.21105/joss.06235","6235",51,29
"10.21105/joss.02651","2651",35,21
"10.21105/joss.00080","80",5,5
"10.21105/joss.01409","1409",48,33
"10.21105/joss.04456","4456",69,50
"10.21105/joss.01262","1262",122,93
"10.21105/joss.00668","668",32,23
"10.21105/joss.03290","3290",63,40
"10.21105/joss.04149","4149",90,65
"10.21105/joss.04742","4742",45,26
"10.21105/joss.01808","1808",58,38
"10.21105/joss.01914","1914",26,12
"10.21105/joss.02120","2120",44,27
"10.21105/joss.00480","480",21,16
"10.21105/joss.01856","1856",44,17
"10.21105/joss.01987","1987",57,42
"10.21105/joss.01276","1276",21,11
"10.21105/joss.06524","6524",73,45
"10.21105/joss.02767","2767",66,39
"10.21105/joss.03459","3459",56,34
"10.21105/joss.02757","2757",61,43
"10.21105/joss.01356","1356",84,56
"10.21105/joss.02260","2260",91,47
"10.21105/joss.01940","1940",39,21
"10.21105/joss.00451","451",21,19
"10.21105/joss.03060","3060",147,94
"10.21105/joss.05022","5022",57,34
"10.21105/joss.01234","1234",64,40
"10.21105/joss.05459","5459",84,53
"10.21105/joss.05374","5374",60,37
"10.21105/joss.02317","2317",68,44
"10.21105/joss.05556","5556",140,98
"10.21105/joss.01656","1656",113,76
"10.21105/joss.05196","5196",65,39
"10.21105/joss.01759","1759",67,40
"10.21105/joss.01596","1596",40,23
"10.21105/joss.06033","6033",47,27
"10.21105/joss.02848","2848",60,39
"10.21105/joss.00396","396",18,16
"10.21105/joss.05309","5309",58,34
"10.21105/joss.01506","1506",59,36
"10.21105/joss.01637","1637",86,57
"10.21105/joss.02367","2367",71,44
"10.21105/joss.05052","5052",79,50
"10.21105/joss.00348","348",32,30
"10.21105/joss.02973","2973",85,62
"10.21105/joss.03525","3525",62,32
"10.21105/joss.01518","1518",58,36
"10.21105/joss.05082","5082",53,31
"10.21105/joss.01064","1064",29,16
"10.21105/joss.00568","568",21,14
"10.21105/joss.05759","5759",59,34
"10.21105/joss.02379","2379",97,69
"10.21105/joss.02431","2431",79,49
"10.21105/joss.01264","1264",75,44
"10.21105/joss.06035","6035",73,48
"10.21105/joss.06314","6314",67,44
"10.21105/joss.02088","2088",65,44
"10.21105/joss.05941","5941",55,35
"10.21105/joss.03010","3010",58,36
"10.21105/joss.00883","883",12,5
"10.21105/joss.05753","5753",51,32
"10.21105/joss.00607","607",25,16
"10.21105/joss.00100","100",14,13
"10.21105/joss.02995","2995",123,75
"10.21105/joss.04643","4643",62,41
"10.21105/joss.00662","662",42,33
"10.21105/joss.01091","1091",13,4
"10.21105/joss.00515","515",31,23
"10.21105/joss.03200","3200",133,103
"10.21105/joss.00359","359",11,7
"10.21105/joss.05613","5613",69,41
"10.21105/joss.02645","2645",97,59
"10.21105/joss.02281","2281",64,46
"10.21105/joss.06305","6305",70,47
"10.21105/joss.06590","6590",85,65
"10.21105/joss.06025","6025",101,69
"10.21105/joss.06604","6604",72,48
"10.21105/joss.01463","1463",138,101
"10.21105/joss.01461","1461",62,38
"10.21105/joss.06298","6298",90,61
"10.21105/joss.00845","845",50,38
"10.21105/joss.05394","5394",87,54
"10.21105/joss.03998","3998",68,47
"10.21105/joss.06030","6030",55,34
"10.21105/joss.02285","2285",85,61
"10.21105/joss.01822","1822",60,37
"10.21105/joss.05999","5999",58,36
"10.21105/joss.00332","332",28,25
"10.21105/joss.01107","1107",47,28
"10.21105/joss.01167","1167",82,46
"10.21105/joss.05598","5598",133,92
"10.21105/joss.05620","5620",64,42
"10.21105/joss.05409","5409",73,51
"10.21105/joss.05565","5565",55,33
"10.21105/joss.05519","5519",39,22
"10.21105/joss.05755","5755",94,66
"10.21105/joss.05505","5505",50,31
"10.21105/joss.05147","5147",81,56
"10.21105/joss.05848","5848",53,31
"10.21105/joss.04905","4905",82,60
"10.21105/joss.06001","6001",57,40
"10.21105/joss.04600","4600",113,83
"10.21105/joss.05093","5093",60,36
"10.21105/joss.05027","5027",104,74
"10.21105/joss.04461","4461",87,66
"10.21105/joss.04735","4735",50,34
"10.21105/joss.04936","4936",47,27
"10.21105/joss.04407","4407",72,44
"10.21105/joss.04756","4756",75,48
"10.21105/joss.04880","4880",43,25
"10.21105/joss.04843","4843",66,42
"10.21105/joss.05213","5213",77,44
"10.21105/joss.05076","5076",104,80
"10.21105/joss.04876","4876",82,59
"10.21105/joss.04724","4724",87,60
"10.21105/joss.05221","5221",91,60
"10.21105/joss.04980","4980",94,58
"10.21105/joss.04992","4992",80,54
"10.21105/joss.05339","5339",54,33
"10.21105/joss.05034","5034",18,4
"10.21105/joss.05073","5073",47,30
"10.21105/joss.04981","4981",70,45
"10.21105/joss.05132","5132",59,40
"10.21105/joss.05334","5334",55,26
"10.21105/joss.05700","5700",79,49
"10.21105/joss.02030","2030",44,20
"10.21105/joss.01530","1530",47,30
"10.21105/joss.04143","4143",53,37
"10.21105/joss.04838","4838",66,38
"10.21105/joss.04846","4846",51,31
"10.21105/joss.04302","4302",35,19
"10.21105/joss.04494","4494",78,54
"10.21105/joss.04182","4182",92,62
"10.21105/joss.04249","4249",95,65
"10.21105/joss.04664","4664",80,45
"10.21105/joss.04679","4679",124,96
"10.21105/joss.04250","4250",102,67
"10.21105/joss.04136","4136",50,29
"10.21105/joss.04114","4114",86,58
"10.21105/joss.04062","4062",103,73
"10.21105/joss.04217","4217",43,27
"10.21105/joss.05662","5662",54,34
"10.21105/joss.05511","5511",72,48
"10.21105/joss.05735","5735",134,88
"10.21105/joss.03431","3431",130,85
"10.21105/joss.03527","3527",77,56
"10.21105/joss.03612","3612",58,39
"10.21105/joss.02436","2436",107,76
"10.21105/joss.06373","6373",76,47
"10.21105/joss.01603","1603",62,39
"10.21105/joss.05984","5984",81,54
"10.21105/joss.03832","3832",60,37
"10.21105/joss.04369","4369",49,25
"10.21105/joss.00566","566",33,27
"10.21105/joss.05304","5304",41,22
"10.21105/joss.06332","6332",91,60
"10.21105/joss.06171","6171",98,69
"10.21105/joss.04680","4680",51,33
"10.21105/joss.02877","2877",51,30
"10.21105/joss.04928","4928",105,76
"10.21105/joss.06598","6598",80,54
"10.21105/joss.01442","1442",81,45
"10.21105/joss.04748","4748",62,42
"10.21105/joss.02011","2011",57,42
"10.21105/joss.04029","4029",71,40
"10.21105/joss.03076","3076",108,82
"10.21105/joss.06481","6481",54,33
"10.21105/joss.05131","5131",56,40
"10.21105/joss.06160","6160",84,50
"10.21105/joss.05867","5867",80,51
"10.21105/joss.01203","1203",62,35
"10.21105/joss.04704","4704",63,39
"10.21105/joss.05846","5846",117,88
"10.21105/joss.00166","166",16,14
"10.21105/joss.04455","4455",63,37
"10.21105/joss.06062","6062",88,60
"10.21105/joss.06295","6295",117,76
"10.21105/joss.05975","5975",84,57
"10.21105/joss.03337","3337",78,58
"10.21105/joss.04296","4296",41,24
"10.21105/joss.00268","268",105,66
"10.21105/joss.01257","1257",34,17
"10.21105/joss.01412","1412",64,37
"10.21105/joss.00314","314",41,33
"10.21105/joss.01979","1979",63,41
"10.21105/joss.04129","4129",113,82
"10.21105/joss.05940","5940",60,36
"10.21105/joss.06321","6321",59,36
"10.21105/joss.01189","1189",50,23
"10.21105/joss.06276","6276",69,45
"10.21105/joss.00676","676",26,17
"10.21105/joss.06269","6269",52,34
"10.21105/joss.04720","4720",87,64
"10.21105/joss.01097","1097",80,58
"10.21105/joss.06654","6654",61,37
"10.21105/joss.00821","821",22,17
"10.21105/joss.02550","2550",74,54
"10.21105/joss.03669","3669",39,18
"10.21105/joss.02178","2178",74,41
"10.21105/joss.02172","2172",49,31
"10.21105/joss.02521","2521",55,36
"10.21105/joss.02781","2781",75,54
"10.21105/joss.04847","4847",45,26
"10.21105/joss.03714","3714",61,31
"10.21105/joss.06286","6286",81,59
"10.21105/joss.01631","1631",146,69
"10.21105/joss.06733","6733",69,43
"10.21105/joss.05003","5003",72,47
"10.21105/joss.00079","79",28,28
"10.21105/joss.04398","4398",54,34
"10.21105/joss.00726","726",45,35
"10.21105/joss.04716","4716",103,68
"10.21105/joss.03485","3485",50,32
"10.21105/joss.04157","4157",107,73
"10.21105/joss.05263","5263",54,34
"10.21105/joss.01421","1421",89,53
"10.21105/joss.05389","5389",69,37
"10.21105/joss.01057","1057",56,37
"10.21105/joss.00583","583",69,58
"10.21105/joss.06356","6356",88,62
"10.21105/joss.02689","2689",36,23
"10.21105/joss.00829","829",36,24
"10.21105/joss.02123","2123",47,29
"10.21105/joss.01168","1168",54,28
"10.21105/joss.05321","5321",67,44
"10.21105/joss.03865","3865",67,41
"10.21105/joss.04914","4914",56,34
"10.21105/joss.00176","176",39,36
"10.21105/joss.01829","1829",27,12
"10.21105/joss.00037","37",10,10
"10.21105/joss.01063","1063",36,24
"10.21105/joss.02911","2911",68,47
"10.21105/joss.03773","3773",58,36
"10.21105/joss.02154","2154",45,28
"10.21105/joss.00339","339",17,15
"10.21105/joss.02829","2829",94,72
"10.21105/joss.04484","4484",51,31
"10.21105/joss.01186","1186",41,26
"10.21105/joss.01296","1296",74,49
"10.21105/joss.04148","4148",75,49
"10.21105/joss.02815","2815",110,72
"10.21105/joss.00058","58",42,39
"10.21105/joss.00825","825",31,22
"10.21105/joss.00978","978",22,17
"10.21105/joss.02306","2306",78,48
"10.21105/joss.01370","1370",63,39
"10.21105/joss.04270","4270",81,49
"10.21105/joss.00622","622",51,43
"10.21105/joss.05361","5361",66,42
"10.21105/joss.05351","5351",60,39
"10.21105/joss.03703","3703",160,124
"10.21105/joss.00432","432",20,17
"10.21105/joss.00772","772",18,11
"10.21105/joss.06264","6264",59,37
"10.21105/joss.04078","4078",73,41
"10.21105/joss.02283","2283",71,47
"10.21105/joss.01041","1041",43,28
"10.21105/joss.04503","4503",69,48
"10.21105/joss.03283","3283",61,38
"10.21105/joss.04561","4561",88,54
"10.21105/joss.00205","205",17,15
"10.21105/joss.06548","6548",81,56
"10.21105/joss.06220","6220",75,53
"10.21105/joss.06645","6645",60,38
"10.21105/joss.06851","6851",61,41
"10.21105/joss.06464","6464",105,69
"10.21105/joss.06413","6413",83,59
"10.21105/joss.06129","6129",106,72
"10.21105/joss.06588","6588",52,32
"10.21105/joss.06028","6028",117,91
"10.21105/joss.06465","6465",84,57
"10.21105/joss.06831","6831",63,39
"10.21105/joss.06752","6752",79,56
"10.21105/joss.06692","6692",78,55
"10.21105/joss.06523","6523",81,55
"10.21105/joss.06288","6288",58,36
"10.21105/joss.06620","6620",64,39
"10.21105/joss.06494","6494",60,37
"10.21105/joss.06715","6715",116,79
"10.21105/joss.06581","6581",112,80
